id,first_name,last_name,email,gender,ip_address,country,price,tax
1,Ruprecht,McSwan,rmcswan0@cargocollective.com,Male,188.44.156.216,China,86334,631
2,Theo,Wyne,twyne1@walmart.com,Female,167.51.140.22,Indonesia,24428,1990
3,Lotte,Yurkiewicz,lyurkiewicz2@xrea.com,Female,63.7.128.189,Indonesia,4242,698
4,Terri,Fri,tfri3@angelfire.com,Genderfluid,123.113.132.220,New Caledonia,47737,454
5,Dalila,Lappine,dlappine4@fc2.com,Female,176.201.107.197,Czech Republic,62031,1419
6,Pennie,Scalera,pscalera5@cocolog-nifty.com,Male,32.128.34.13,Afghanistan,25101,1126
7,Jenifer,Ambage,jambage6@wix.com,Female,162.86.52.178,Brazil,35071,1983
8,Alisander,Dymock,adymock7@umich.edu,Male,187.223.82.189,China,17988,1652
9,Cheston,Aldiss,caldiss8@mozilla.com,Male,166.92.46.163,Portugal,30008,1390
10,Delphinia,Redgewell,dredgewell9@umich.edu,Female,14.95.78.189,Japan,26450,538
11,Sunny,Watton,swattona@msn.com,Male,189.217.177.56,Sweden,13511,1497
12,Englebert,Synnot,esynnotb@stumbleupon.com,Male,214.221.191.166,Russia,96372,298
13,Pattin,Shanahan,pshanahanc@marriott.com,Male,240.200.202.120,Russia,37970,1851
14,Calv,Cawker,ccawkerd@ihg.com,Male,234.228.21.148,Indonesia,90629,1618
15,Penny,Tellenbroker,ptellenbrokere@vk.com,Male,57.205.163.149,Portugal,92769,218
16,Jaimie,Bridewell,jbridewellf@google.ru,Male,19.84.62.89,Russia,88519,1339
17,Tina,Schulkins,tschulkinsg@independent.co.uk,Female,117.71.133.124,Peru,85976,656
18,Gunter,Sturney,gsturneyh@mayoclinic.com,Male,8.10.73.249,Georgia,71496,1663
19,Bridget,Saphir,bsaphiri@java.com,Female,27.221.97.113,China,59120,122
20,Barrie,Burchard,bburchardj@cbslocal.com,Male,138.189.221.180,Ukraine,49810,725
21,Burnaby,Pound,bpoundk@twitpic.com,Male,242.33.177.243,Ukraine,50258,1984
22,Fair,Batho,fbathol@theglobeandmail.com,Male,179.234.85.255,China,10285,1298
23,Irv,Borless,iborlessm@blogtalkradio.com,Male,226.75.128.49,Russia,94803,785
24,Aubrette,Alsop,aalsopn@devhub.com,Female,19.93.81.156,Russia,60528,203
25,Reed,Covotti,rcovottio@discovery.com,Bigender,190.70.234.166,Russia,11289,155
26,Bronson,Campbell-Dunlop,bcampbelldunlopp@mtv.com,Male,61.20.119.228,Indonesia,96965,1096
27,Olenka,Moyler,omoylerq@mapquest.com,Female,127.140.59.170,South Africa,70070,1740
28,Cullie,Hun,chunr@uol.com.br,Male,72.224.176.128,Philippines,95234,837
29,Zorana,Cosham,zcoshams@posterous.com,Female,15.84.44.149,Poland,9013,983
30,Luisa,Jillett,ljillettt@umn.edu,Female,38.142.210.59,Argentina,38566,1014
31,Vassili,Wilhelmy,vwilhelmyu@salon.com,Male,1.74.109.191,Indonesia,35810,1288
32,Noby,Kiessel,nkiesselv@booking.com,Male,251.171.126.177,Macedonia,40928,319
33,Benjamin,Cristofvao,bcristofvaow@mapy.cz,Male,127.90.199.104,Colombia,7196,818
34,Lance,Whayman,lwhaymanx@wufoo.com,Male,17.138.139.26,Philippines,81244,948
35,Alberto,Sibly,asiblyy@prnewswire.com,Male,74.100.153.49,China,58550,416
36,Candida,Le Sarr,clesarrz@java.com,Female,21.250.134.34,China,5485,1001
37,Angeline,Hardson,ahardson10@adobe.com,Female,23.157.211.119,Armenia,72310,560
38,Danny,Cardall,dcardall11@tiny.cc,Male,20.246.168.138,Indonesia,87558,211
39,Velvet,Jertz,vjertz12@redcross.org,Female,6.50.20.63,Argentina,28800,1323
40,Blancha,Rayer,brayer13@alibaba.com,Female,79.201.140.57,Morocco,42363,1076
41,Yance,Pentercost,ypentercost14@wix.com,Male,156.204.95.141,Sweden,80241,814
42,Cello,Frigot,cfrigot15@ebay.com,Male,2.58.177.31,Indonesia,18329,470
43,Riannon,Casarino,rcasarino16@opera.com,Female,209.17.132.89,China,50373,1752
44,Gerianne,Bedding,gbedding17@jigsy.com,Female,188.238.182.28,Brazil,64226,434
45,Starla,Shoulder,sshoulder18@msu.edu,Female,185.171.113.68,Uzbekistan,53804,1308
46,Marysa,Remmer,mremmer19@va.gov,Female,20.224.2.74,China,55371,1902
47,Israel,Reavell,ireavell1a@indiatimes.com,Male,188.11.149.81,United States,48761,1827
48,Odelle,Spadoni,ospadoni1b@ucoz.ru,Female,219.126.100.24,China,21505,1963
49,Cort,Vibert,cvibert1c@networkadvertising.org,Male,225.236.240.55,Croatia,83081,685
50,Freddie,Goldsbrough,fgoldsbrough1d@nbcnews.com,Female,188.244.180.32,China,21732,1276
51,Dody,Wetter,dwetter1e@squarespace.com,Female,56.168.213.151,Argentina,29366,312
52,George,Gutsell,ggutsell1f@free.fr,Non-binary,50.135.232.97,New Caledonia,79532,735
53,Brandise,Byram,bbyram1g@dion.ne.jp,Female,217.151.220.232,Belarus,43294,628
54,Arlyn,Itchingham,aitchingham1h@businessweek.com,Female,92.42.35.190,Nicaragua,36360,1328
55,Llewellyn,Ragborne,lragborne1i@ox.ac.uk,Male,243.58.113.30,China,28709,715
56,Durante,Spargo,dspargo1j@npr.org,Male,110.111.248.237,France,18405,1326
57,Reece,Pagan,rpagan1k@theatlantic.com,Male,115.159.163.176,Philippines,9148,953
58,Gaylene,Enns,genns1l@tripadvisor.com,Female,141.149.54.51,Argentina,96857,399
59,Lyn,Radki,lradki1m@deviantart.com,Male,85.135.250.255,Luxembourg,76857,1206
60,Laraine,Pietsma,lpietsma1n@is.gd,Female,145.240.117.2,Philippines,14454,1517
61,Gage,Moynihan,gmoynihan1o@symantec.com,Bigender,75.155.80.232,Ukraine,67032,1275
62,Anthia,Gabbat,agabbat1p@photobucket.com,Female,17.8.62.15,El Salvador,99055,1587
63,Thorstein,Lazell,tlazell1q@deliciousdays.com,Male,214.246.148.14,France,3428,1698
64,Nealy,Vannoni,nvannoni1r@aboutads.info,Male,24.51.12.248,China,42185,624
65,Blondell,Bittany,bbittany1s@europa.eu,Female,160.61.44.225,Guatemala,26184,935
66,Geralda,Ridge,gridge1t@youtu.be,Female,63.163.218.228,China,90976,1714
67,Chet,De Cruze,cdecruze1u@amazon.com,Male,4.149.137.51,Russia,13908,359
68,Ingamar,Mulrean,imulrean1v@privacy.gov.au,Male,108.85.195.118,Indonesia,41526,883
69,La verne,Coxwell,lcoxwell1w@vimeo.com,Female,111.190.124.65,Philippines,20676,540
70,Melony,Sibly,msibly1x@umich.edu,Female,173.193.15.197,Canada,7944,1303
71,Lamont,Linner,llinner1y@123-reg.co.uk,Male,218.174.251.214,Poland,7433,567
72,Katha,Billie,kbillie1z@canalblog.com,Non-binary,150.184.182.31,Indonesia,53517,666
73,Hatti,Chipp,hchipp20@mysql.com,Female,243.93.247.145,Brazil,78843,1055
74,Bruno,Rraundl,brraundl21@blog.com,Male,65.65.57.189,Sweden,64581,1739
75,Johan,Camacho,jcamacho22@icq.com,Male,241.91.86.31,Russia,26919,1427
76,Georgina,Klaff,gklaff23@ocn.ne.jp,Bigender,21.244.162.251,Canada,36596,1828
77,Lena,Pepys,lpepys24@spiegel.de,Female,21.32.215.145,Philippines,34962,120
78,Nessa,Creber,ncreber25@meetup.com,Female,121.59.99.149,Indonesia,29617,1336
79,Oates,Eagles,oeagles26@wufoo.com,Male,221.117.125.12,Syria,34367,1142
80,Sephira,Syne,ssyne27@gmpg.org,Female,7.32.197.98,China,87278,1374
81,Yovonnda,Castagnone,ycastagnone28@sourceforge.net,Female,221.32.152.141,Russia,97554,1445
82,Marianna,Hodjetts,mhodjetts29@fotki.com,Female,243.37.211.102,Indonesia,52255,1124
83,Dallis,Balls,dballs2a@miibeian.gov.cn,Male,135.11.19.138,Vietnam,38408,1749
84,Harriett,MacFadyen,hmacfadyen2b@businessinsider.com,Female,226.201.221.219,Sweden,26738,1572
85,Doti,Millmore,dmillmore2c@apache.org,Female,167.138.69.18,Greece,7185,1327
86,Edin,Pergens,epergens2d@howstuffworks.com,Female,18.160.224.255,China,57407,1689
87,Allx,Timmens,atimmens2e@mayoclinic.com,Female,90.46.22.134,China,64453,1457
88,Thomasine,Maymond,tmaymond2f@phpbb.com,Polygender,124.66.211.66,Indonesia,93426,580
89,Regan,Girardetti,rgirardetti2g@npr.org,Male,231.214.34.57,China,21421,1857
90,Aline,Nussey,anussey2h@elpais.com,Female,142.136.148.45,Brazil,10845,642
91,Minnnie,Seagrave,mseagrave2i@exblog.jp,Female,117.186.158.61,Macedonia,27949,693
92,Neville,Hamelyn,nhamelyn2j@wired.com,Male,172.102.200.9,Russia,79572,283
93,Jolee,Bullick,jbullick2k@chronoengine.com,Female,163.252.148.86,China,83081,1246
94,Chloette,Menault,cmenault2l@yolasite.com,Female,98.238.4.3,Netherlands,46543,537
95,Vinnie,Tschersich,vtschersich2m@hp.com,Male,150.135.82.126,Portugal,65712,944
96,Coralie,Azam,cazam2n@i2i.jp,Polygender,153.60.88.213,China,56275,617
97,Josselyn,Wickwarth,jwickwarth2o@webeden.co.uk,Female,251.153.45.201,Ukraine,38548,1846
98,Kassi,Dunsire,kdunsire2p@latimes.com,Female,169.36.225.220,Bangladesh,21426,1322
99,Shaine,Mozzetti,smozzetti2q@artisteer.com,Male,13.5.187.237,Brazil,64036,1399
100,Darbie,Wilkison,dwilkison2r@kickstarter.com,Female,168.160.181.26,Japan,48717,1408
101,Artemus,Sabbin,asabbin2s@about.me,Male,80.115.184.126,Philippines,91425,664
102,Glynnis,Gjerde,ggjerde2t@weibo.com,Female,30.152.128.221,Indonesia,10239,962
103,Jo,Edmundson,jedmundson2u@squarespace.com,Female,170.140.1.224,China,54673,899
104,Morie,Falkus,mfalkus2v@photobucket.com,Male,108.222.247.154,Russia,97315,1061
105,Stanley,Brunetti,sbrunetti2w@netlog.com,Male,71.139.141.73,China,96456,257
106,Kalila,Choppen,kchoppen2x@yolasite.com,Female,20.17.250.96,France,78566,1525
107,Harwilll,Novichenko,hnovichenko2y@ameblo.jp,Male,79.116.181.129,Argentina,15260,359
108,Mariam,Bedle,mbedle2z@ted.com,Female,99.69.81.59,China,8870,1525
109,Rhodia,Deftie,rdeftie30@yahoo.co.jp,Genderfluid,31.240.104.18,United States,5214,1455
110,Rickard,Lambal,rlambal31@purevolume.com,Male,245.72.143.77,Ireland,67858,906
111,Marice,Pugsley,mpugsley32@prlog.org,Female,129.150.5.157,United States,48809,667
112,Constanta,Scruby,cscruby33@sourceforge.net,Female,32.185.47.96,China,44731,481
113,Levon,Pinkney,lpinkney34@tuttocitta.it,Agender,190.9.107.220,China,84108,1595
114,Avrom,Matteo,amatteo35@springer.com,Male,9.210.233.30,Russia,71263,636
115,Emery,Raiment,eraiment36@networksolutions.com,Male,20.128.40.101,Czech Republic,16158,441
116,Jonell,Threlkeld,jthrelkeld37@yelp.com,Female,205.16.158.169,Uzbekistan,82715,790
117,Kassie,Mayberry,kmayberry38@spiegel.de,Female,183.153.193.194,Venezuela,47682,1023
118,Leilah,Strewthers,lstrewthers39@nytimes.com,Female,44.79.246.43,Indonesia,25759,981
119,Lydie,McOrkill,lmcorkill3a@mac.com,Female,153.38.8.239,Lithuania,3551,108
120,Elyse,Farrier,efarrier3b@macromedia.com,Female,216.163.20.74,Botswana,65349,1272
121,Corrie,Valintine,cvalintine3c@zimbio.com,Male,246.219.115.1,Madagascar,64703,204
122,Ali,Hum,ahum3d@furl.net,Female,42.184.176.83,Slovenia,3824,1495
123,Cecil,Pallis,cpallis3e@harvard.edu,Female,176.8.74.237,Colombia,70057,836
124,Genevieve,Muino,gmuino3f@posterous.com,Female,139.92.249.230,Botswana,69092,1504
125,Elston,Huertas,ehuertas3g@1688.com,Male,108.203.253.220,Bosnia and Herzegovina,23165,1888
126,Win,Bodsworth,wbodsworth3h@hexun.com,Male,76.32.39.88,Indonesia,10980,692
127,Idelle,Keggin,ikeggin3i@nytimes.com,Female,101.19.132.80,Sweden,14789,870
128,Ibrahim,Forster,iforster3j@washington.edu,Male,232.119.100.22,Jordan,32123,1359
129,Diane,Blackborow,dblackborow3k@opera.com,Genderqueer,204.234.27.24,China,77951,1569
130,Graham,Kirsche,gkirsche3l@dot.gov,Male,215.177.28.57,Mexico,54009,1363
131,Odelia,Firminger,ofirminger3m@hc360.com,Female,97.0.23.64,Russia,5614,1948
132,Washington,McDougald,wmcdougald3n@google.es,Male,140.36.94.67,Ireland,29371,216
133,Dorian,Foskin,dfoskin3o@people.com.cn,Female,87.144.135.107,Philippines,95565,963
134,Valentin,Ellington,vellington3p@cargocollective.com,Male,211.56.153.9,Russia,64883,906
135,Curr,Gilphillan,cgilphillan3q@sfgate.com,Male,62.115.4.240,Morocco,53564,1327
136,Thornie,Padefield,tpadefield3r@prnewswire.com,Male,97.126.145.79,Indonesia,24294,886
137,Ibrahim,Tee,itee3s@sciencedirect.com,Male,197.2.194.127,China,88913,547
138,Kareem,Hartford,khartford3t@bloomberg.com,Male,252.150.94.252,Portugal,60436,464
139,Keely,Skeech,kskeech3u@cyberchimps.com,Female,204.61.212.1,Sweden,79158,211
140,Alta,Cadagan,acadagan3v@xing.com,Agender,72.169.52.40,Yemen,98167,793
141,Daisie,Tebbut,dtebbut3w@odnoklassniki.ru,Female,215.188.75.206,Portugal,36883,259
142,Pietrek,Gosart,pgosart3x@ocn.ne.jp,Genderfluid,125.49.14.10,Serbia,65633,1949
143,Ianthe,Scolts,iscolts3y@wsj.com,Non-binary,223.48.152.147,Palestinian Territory,46671,1368
144,Griffy,MacCulloch,gmacculloch3z@reuters.com,Male,165.218.111.41,Palestinian Territory,52484,745
145,Annnora,Kirckman,akirckman40@sitemeter.com,Female,169.111.52.87,Czech Republic,44242,723
146,Margaretha,McGillivrie,mmcgillivrie41@dailymotion.com,Female,253.33.200.102,Philippines,46945,1193
147,Luca,Maso,lmaso42@nifty.com,Male,79.90.214.92,China,34708,1618
148,Sherwin,Casacchia,scasacchia43@google.de,Male,212.88.220.126,Turkmenistan,44146,1452
149,Kathryne,Gateman,kgateman44@themeforest.net,Female,109.84.90.168,China,30749,715
150,Micheal,Trelevan,mtrelevan45@marriott.com,Male,212.78.171.24,Czech Republic,83816,1402
151,Maryanna,Gaynes,mgaynes46@studiopress.com,Female,177.145.38.199,Canada,56444,1049
152,Derby,Reveland,dreveland47@netvibes.com,Male,140.170.199.207,Czech Republic,64873,1380
153,Davidde,Yonge,dyonge48@shutterfly.com,Male,101.254.75.6,Peru,28100,926
154,Wyatan,Kenshole,wkenshole49@auda.org.au,Male,215.240.255.213,Philippines,59597,1240
155,Denver,Kindread,dkindread4a@archive.org,Male,247.151.9.245,Venezuela,65153,1720
156,Dov,Witherdon,dwitherdon4b@instagram.com,Male,90.146.243.127,Portugal,8684,1647
157,Anna-maria,Beuscher,abeuscher4c@miitbeian.gov.cn,Genderqueer,52.194.77.12,Indonesia,37726,1743
158,Candace,Colling,ccolling4d@hibu.com,Female,56.166.237.81,Indonesia,28194,1116
159,Noni,Cooch,ncooch4e@mlb.com,Female,71.49.36.18,Vietnam,98747,1606
160,Haydon,Melbert,hmelbert4f@cdc.gov,Male,7.82.96.71,China,76569,823
161,Baxter,Morman,bmorman4g@slideshare.net,Male,58.90.128.107,Philippines,70610,812
162,Leonid,Mosedale,lmosedale4h@amazon.co.uk,Male,157.194.55.244,Indonesia,11312,744
163,Charyl,Polino,cpolino4i@disqus.com,Female,210.86.105.18,Portugal,51038,555
164,Lynne,Fruin,lfruin4j@google.es,Female,88.8.15.47,Cameroon,5743,744
165,Nev,Sharper,nsharper4k@domainmarket.com,Male,93.72.112.169,Philippines,31806,991
166,Tansy,Struttman,tstruttman4l@uol.com.br,Female,130.51.156.163,Ukraine,22758,1243
167,Kaye,Barthot,kbarthot4m@apple.com,Female,39.164.115.119,Guinea,16425,689
168,Nerty,Stennes,nstennes4n@ucoz.com,Female,222.246.84.7,Serbia,4124,1332
169,Florian,Blaby,fblaby4o@smugmug.com,Male,199.161.105.232,Ukraine,70826,1815
170,Tynan,Caskie,tcaskie4p@drupal.org,Male,199.156.193.23,Sweden,75199,1208
171,Edyth,Beckworth,ebeckworth4q@acquirethisname.com,Bigender,182.121.76.161,China,22239,1101
172,Beverie,Pidgeley,bpidgeley4r@sun.com,Female,138.145.102.225,China,38325,756
173,Algernon,Paprotny,apaprotny4s@prnewswire.com,Male,100.189.129.168,Mexico,67488,207
174,Sharity,Greschke,sgreschke4t@purevolume.com,Genderqueer,34.186.84.142,Philippines,53922,125
175,Marcelia,Yellowlees,myellowlees4u@myspace.com,Bigender,20.53.169.192,Ukraine,94451,1915
176,Ally,Berzins,aberzins4v@spiegel.de,Female,158.202.101.181,Indonesia,10634,597
177,Alicia,Ekkel,aekkel4w@godaddy.com,Female,80.166.27.41,Greece,73117,434
178,Madelena,Broschke,mbroschke4x@livejournal.com,Female,162.240.48.244,Croatia,53751,1467
179,Jacob,Bohman,jbohman4y@surveymonkey.com,Bigender,195.78.6.179,China,8494,1914
180,Roy,Smalman,rsmalman4z@github.io,Male,10.21.187.210,Bahamas,68518,1483
181,Rollin,Croysdale,rcroysdale50@tumblr.com,Male,193.181.173.193,China,13813,1539
182,Reamonn,Brood,rbrood51@bbc.co.uk,Male,210.72.146.204,South Africa,77641,624
183,Esta,Bahlmann,ebahlmann52@paypal.com,Female,110.142.92.217,Sweden,51369,260
184,Adham,Capewell,acapewell53@freewebs.com,Male,115.92.238.147,Poland,75516,1678
185,Patric,Zelley,pzelley54@e-recht24.de,Male,52.96.77.153,China,45125,507
186,Roseann,Gatus,rgatus55@webmd.com,Female,224.95.21.123,China,78527,389
187,Skyler,Haymes,shaymes56@virginia.edu,Male,108.242.75.229,Sierra Leone,77435,1007
188,Kele,Brideoke,kbrideoke57@google.cn,Male,70.71.67.70,Canada,38286,1723
189,Kristo,Morlon,kmorlon58@wisc.edu,Male,1.12.77.217,Russia,94446,173
190,Joanie,Varney,jvarney59@rediff.com,Female,236.233.66.64,Canada,42961,1145
191,Roanna,Heighway,rheighway5a@shutterfly.com,Female,181.196.88.90,Mexico,36367,1345
192,Alvy,Bolliver,abolliver5b@earthlink.net,Male,112.13.127.134,Indonesia,10075,1400
193,Tessi,Aldins,taldins5c@webeden.co.uk,Non-binary,195.253.253.154,China,14858,573
194,Emmye,Hendricks,ehendricks5d@imgur.com,Female,100.89.232.27,Luxembourg,82887,447
195,Carlin,Drennan,cdrennan5e@blinklist.com,Male,113.237.69.119,Ecuador,56340,849
196,Hannah,Sawyers,hsawyers5f@gizmodo.com,Polygender,245.100.164.41,Russia,23701,558
197,Edgar,Saben,esaben5g@51.la,Male,20.3.215.252,Argentina,77481,154
198,Rozelle,Beers,rbeers5h@live.com,Female,6.247.2.70,China,22626,261
199,Suzann,Peare,speare5i@google.com.au,Female,130.172.208.236,Uzbekistan,66140,713
200,Estelle,Crane,ecrane5j@github.com,Non-binary,22.102.188.65,North Korea,58948,1938
201,Stanislaus,Greenset,sgreenset5k@mediafire.com,Male,238.15.183.222,Brazil,33162,991
202,Dar,Cowderoy,dcowderoy5l@economist.com,Male,19.133.15.81,Vietnam,42846,483
203,Tiffani,Lewtey,tlewtey5m@pagesperso-orange.fr,Female,102.191.156.211,Sweden,33734,802
204,Iorgo,Ollie,iollie5n@yandex.ru,Male,33.68.106.194,China,38536,1856
205,Riannon,Adamowitz,radamowitz5o@berkeley.edu,Female,216.219.249.15,Indonesia,40541,477
206,Kettie,Lobley,klobley5p@parallels.com,Female,249.78.245.7,China,51297,1982
207,Wolfy,Sparke,wsparke5q@prnewswire.com,Male,235.57.198.144,Spain,41343,244
208,Madelene,Halvorsen,mhalvorsen5r@answers.com,Female,19.216.202.215,China,73898,539
209,Boote,Newton,bnewton5s@nps.gov,Male,30.17.150.160,United States,35240,1455
210,Agustin,Rutgers,arutgers5t@yelp.com,Male,59.244.251.204,France,63572,1199
211,Michel,Linfoot,mlinfoot5u@buzzfeed.com,Male,175.124.58.121,Indonesia,47055,1792
212,Burch,Legerwood,blegerwood5v@nationalgeographic.com,Male,45.198.0.243,Cuba,30657,302
213,Orelia,Blankau,oblankau5w@xinhuanet.com,Female,49.173.197.104,China,51998,838
214,Thacher,Sijmons,tsijmons5x@google.com.au,Male,174.231.124.234,Saint Martin,98583,420
215,Farica,Menure,fmenure5y@telegraph.co.uk,Agender,100.253.135.116,Nigeria,82407,506
216,Rudolfo,Glenwright,rglenwright5z@ihg.com,Male,50.1.106.137,Russia,8850,439
217,Miltie,Craney,mcraney60@abc.net.au,Male,120.21.77.49,Mongolia,31337,1013
218,Devlin,Suggett,dsuggett61@seesaa.net,Male,1.242.62.216,Ireland,64206,881
219,Robinet,Dymoke,rdymoke62@issuu.com,Male,108.190.160.54,Poland,57553,850
220,Violette,Pashen,vpashen63@baidu.com,Female,50.222.215.231,Nigeria,45348,1515
221,Alonso,Lydon,alydon64@flickr.com,Male,198.142.139.165,Portugal,58303,1922
222,Donnie,Waldera,dwaldera65@hud.gov,Male,133.204.16.208,Mexico,73011,1457
223,Timofei,Mangeney,tmangeney66@hatena.ne.jp,Male,110.209.116.156,Kazakhstan,56784,1980
224,Theresina,Summerside,tsummerside67@goo.ne.jp,Female,113.199.59.113,Philippines,32690,1875
225,Hedvig,Somers,hsomers68@mapy.cz,Female,113.166.139.57,Russia,76624,513
226,Cass,Martensen,cmartensen69@home.pl,Female,28.3.196.66,China,16182,1067
227,Morgen,Downton,mdownton6a@ftc.gov,Male,182.64.42.223,China,44210,522
228,Hersch,Flaubert,hflaubert6b@google.pl,Male,101.239.55.161,Brazil,27508,517
229,Becka,Gair,bgair6c@oaic.gov.au,Female,21.222.145.161,Portugal,52539,1949
230,Nevile,Tullot,ntullot6d@forbes.com,Male,32.80.26.230,China,67255,1491
231,Anet,Shrieves,ashrieves6e@reddit.com,Female,242.11.241.165,China,76690,1083
232,Jaquenetta,Ceschi,jceschi6f@ycombinator.com,Female,67.20.159.89,East Timor,7403,1215
233,Elvira,Camocke,ecamocke6g@ehow.com,Female,147.147.171.140,Indonesia,23946,745
234,Alonso,Yarr,ayarr6h@blog.com,Male,67.63.149.16,Afghanistan,52331,1488
235,Evania,Dot,edot6i@gov.uk,Female,203.201.226.209,China,27803,1173
236,Kelsey,Pinxton,kpinxton6j@ycombinator.com,Genderfluid,174.50.93.55,Iran,36161,1985
237,Margarete,Sire,msire6k@google.co.uk,Female,92.47.81.113,Russia,39173,351
238,Kasey,Grevatt,kgrevatt6l@arstechnica.com,Female,26.153.98.194,China,83487,1857
239,Millisent,O'Grogane,mogrogane6m@skype.com,Female,141.161.71.201,Indonesia,46268,766
240,Catharina,Shawe,cshawe6n@biblegateway.com,Female,98.213.24.15,Portugal,22000,883
241,Peadar,Murrill,pmurrill6o@usatoday.com,Male,155.237.129.241,Philippines,70847,1798
242,Rory,Braybrooks,rbraybrooks6p@dion.ne.jp,Male,133.162.100.210,Costa Rica,88448,904
243,Patric,Bridle,pbridle6q@kickstarter.com,Male,90.227.186.134,Indonesia,6190,470
244,Gabriella,Scholte,gscholte6r@ocn.ne.jp,Female,169.211.138.167,Brazil,53099,1153
245,Ardelis,Nason,anason6s@wp.com,Agender,22.119.253.136,Ukraine,18325,1727
246,Redd,Kigelman,rkigelman6t@ucsd.edu,Male,124.136.188.110,Indonesia,23980,1265
247,Yance,Flaws,yflaws6u@theatlantic.com,Male,140.152.232.153,Philippines,63084,617
248,Wood,Abrahami,wabrahami6v@nbcnews.com,Male,172.40.80.134,Macao,50526,1407
249,Abagael,Jeffels,ajeffels6w@ted.com,Female,10.9.110.251,Peru,96657,1912
250,Marcellus,Garnam,mgarnam6x@ox.ac.uk,Male,4.161.0.164,Indonesia,21099,1911
251,Simeon,Barltrop,sbarltrop6y@dmoz.org,Genderqueer,145.28.64.44,Indonesia,56504,1749
252,Lexi,Brady,lbrady6z@dagondesign.com,Female,178.115.61.157,Philippines,61663,1972
253,Selie,Byres,sbyres70@businessweek.com,Female,153.74.110.139,Canada,25542,316
254,Berk,Dealtry,bdealtry71@g.co,Male,180.102.142.178,Portugal,88370,986
255,Manya,Belin,mbelin72@sphinn.com,Female,103.159.88.140,Argentina,16964,1506
256,Chase,Beachamp,cbeachamp73@chicagotribune.com,Male,141.98.91.88,Russia,87810,245
257,Madison,Davison,mdavison74@about.me,Male,177.226.233.24,Philippines,43717,113
258,Nikolai,Warcop,nwarcop75@123-reg.co.uk,Male,36.254.172.108,Argentina,94517,1199
259,Morissa,Gelderd,mgelderd76@nytimes.com,Non-binary,177.177.88.223,Czech Republic,60032,703
260,Annette,Aplin,aaplin77@wikimedia.org,Non-binary,24.113.239.103,Kenya,94559,794
261,Lorne,Bawden,lbawden78@freewebs.com,Polygender,223.81.18.210,Philippines,27183,1499
262,Inez,Blunsden,iblunsden79@usatoday.com,Female,162.47.115.57,Nigeria,97648,518
263,Darbee,Sinfield,dsinfield7a@dedecms.com,Male,30.118.151.241,France,43529,710
264,Consolata,Syde,csyde7b@google.co.jp,Female,133.29.243.196,Argentina,48537,1083
265,Donnell,Storre,dstorre7c@irs.gov,Male,79.69.224.228,Vietnam,24977,1548
266,Demeter,Duchart,dduchart7d@netscape.com,Polygender,196.162.214.173,Philippines,66492,1734
267,Elvyn,Parker,eparker7e@desdev.cn,Male,74.77.105.188,Serbia,25806,373
268,Warren,Dobbinson,wdobbinson7f@deliciousdays.com,Male,249.160.35.119,China,57092,217
269,Hogan,Batstone,hbatstone7g@vk.com,Male,170.56.69.235,Indonesia,72714,1808
270,Jarad,Vedenyakin,jvedenyakin7h@huffingtonpost.com,Polygender,56.116.37.119,United States,92260,1877
271,Darnall,Thieme,dthieme7i@techcrunch.com,Male,39.130.246.158,China,59140,1139
272,Wallie,Disbrow,wdisbrow7j@squidoo.com,Male,242.141.160.61,Philippines,96303,1105
273,Fernandina,Castagnone,fcastagnone7k@usatoday.com,Female,76.45.130.43,France,85956,1803
274,Georgie,Leavesley,gleavesley7l@go.com,Female,227.254.233.51,Spain,49726,1595
275,Timothea,Mignot,tmignot7m@last.fm,Female,196.151.174.146,China,90472,146
276,Hanna,Wakelam,hwakelam7n@independent.co.uk,Female,42.60.107.41,Mexico,95843,1005
277,Roy,Ensten,rensten7o@oaic.gov.au,Male,111.107.153.138,Moldova,28849,979
278,Nevins,McKeefry,nmckeefry7p@nyu.edu,Male,82.211.61.29,Iceland,7437,783
279,Buddy,Spacy,bspacy7q@accuweather.com,Male,93.120.165.0,South Korea,61931,1908
280,Correy,Lourenco,clourenco7r@gizmodo.com,Male,72.62.48.61,Portugal,2720,1046
281,Grantley,Rodrig,grodrig7s@eventbrite.com,Male,137.58.94.123,Serbia,98368,1313
282,Hal,Clucas,hclucas7t@howstuffworks.com,Male,93.104.176.251,Indonesia,13615,1844
283,Zacharie,Larret,zlarret7u@privacy.gov.au,Male,205.161.106.222,Sri Lanka,95929,205
284,Hillary,Hinchon,hhinchon7v@dell.com,Female,188.151.15.241,Thailand,26592,253
285,Trix,Sturton,tsturton7w@cam.ac.uk,Female,103.95.58.26,China,49219,1986
286,Quincey,Paddington,qpaddington7x@intel.com,Agender,53.48.93.28,Belarus,35425,907
287,Armin,Byass,abyass7y@netvibes.com,Male,44.32.39.226,Philippines,14652,1061
288,Austine,McGuffie,amcguffie7z@4shared.com,Female,49.193.81.121,China,96157,916
289,Adda,Glaze,aglaze80@posterous.com,Female,28.67.203.75,China,87268,991
290,Claudetta,Gillingwater,cgillingwater81@webeden.co.uk,Female,196.102.179.230,China,99535,238
291,Adriena,Harhoff,aharhoff82@webmd.com,Female,213.107.142.250,Portugal,69735,1112
292,Rand,Jubert,rjubert83@disqus.com,Male,60.212.218.147,Iraq,55870,849
293,Sawyer,Scroggs,sscroggs84@so-net.ne.jp,Male,168.110.109.216,China,82140,1426
294,Temp,O'Calleran,tocalleran85@cmu.edu,Male,224.97.252.50,Philippines,53708,1367
295,Guinna,Masey,gmasey86@booking.com,Female,5.179.175.230,Japan,21045,1012
296,Farlay,Branchet,fbranchet87@ucla.edu,Male,251.139.182.35,Honduras,40253,900
297,Garnet,Le Estut,gleestut88@parallels.com,Agender,199.188.99.64,Thailand,37438,723
298,Cleve,Attwell,cattwell89@adobe.com,Male,158.70.238.63,China,66661,1901
299,Sylas,Odlin,sodlin8a@ted.com,Male,220.130.96.145,Spain,63067,503
300,Giavani,Yellowlees,gyellowlees8b@boston.com,Male,7.30.133.197,Brazil,48962,1414
301,Florinda,Kmicicki,fkmicicki8c@cornell.edu,Female,234.111.210.254,Croatia,18714,1554
302,Perry,Linnit,plinnit8d@marketwatch.com,Female,28.67.192.175,China,6560,1333
303,Jessamyn,Mil,jmil8e@noaa.gov,Female,140.166.213.220,China,59744,617
304,Phyllys,Hampshaw,phampshaw8f@de.vu,Female,173.238.8.117,Colombia,56961,196
305,Agna,Sone,asone8g@google.com.hk,Female,184.129.186.72,Syria,36810,299
306,Emanuele,Le Franc,elefranc8h@tmall.com,Male,149.138.112.32,Israel,68538,1145
307,Helenka,Overton,hoverton8i@mail.ru,Female,29.133.38.197,France,75479,993
308,Carlynne,Bascomb,cbascomb8j@seesaa.net,Female,226.102.60.18,Argentina,65044,655
309,Emiline,Laxton,elaxton8k@storify.com,Female,19.127.130.91,China,73157,909
310,Justine,Tomasoni,jtomasoni8l@yolasite.com,Female,42.191.57.137,South Korea,47593,1911
311,Cass,Fleckness,cfleckness8m@sitemeter.com,Male,63.179.116.219,Portugal,15468,420
312,Coletta,Northam,cnortham8n@ning.com,Female,21.197.197.197,Ukraine,2910,1529
313,Terrel,Beauman,tbeauman8o@weather.com,Male,251.135.152.57,Sweden,60621,1753
314,Eachelle,Curtain,ecurtain8p@studiopress.com,Female,37.197.196.114,China,22312,412
315,Ludovico,Itzchaki,litzchaki8q@gravatar.com,Male,52.79.154.139,Indonesia,70481,1998
316,Karlan,Stansfield,kstansfield8r@boston.com,Male,170.88.184.222,Democratic Republic of the Congo,27966,174
317,Fan,Hubberstey,fhubberstey8s@dot.gov,Female,147.207.4.80,Brazil,59957,243
318,Zeb,Orman,zorman8t@acquirethisname.com,Male,20.141.204.172,Indonesia,82128,1764
319,Jinny,Rosentholer,jrosentholer8u@vk.com,Female,184.132.172.217,Brazil,91574,186
320,Corrie,Landrick,clandrick8v@yandex.ru,Female,43.153.228.52,China,96215,400
321,Debora,Saile,dsaile8w@nifty.com,Female,65.95.195.163,Azerbaijan,60569,370
322,Wynny,Tucknutt,wtucknutt8x@ucoz.ru,Female,162.153.157.137,Portugal,60114,550
323,Penny,Bonnefin,pbonnefin8y@fema.gov,Male,99.168.195.220,China,18629,126
324,Natka,Petrov,npetrov8z@networksolutions.com,Female,93.28.179.225,China,87313,839
325,Audi,Scranny,ascranny90@ibm.com,Female,170.104.44.14,Kazakhstan,61282,478
326,Benedick,Sprowson,bsprowson91@discovery.com,Non-binary,133.214.61.175,Thailand,67819,1033
327,Consalve,Olivello,colivello92@huffingtonpost.com,Male,209.46.187.53,Poland,35419,872
328,Ogdon,Sighart,osighart93@bbc.co.uk,Male,205.237.208.235,Marshall Islands,7207,776
329,Laird,Enns,lenns94@so-net.ne.jp,Male,107.81.120.193,Estonia,45261,1101
330,Dietrich,Freak,dfreak95@macromedia.com,Male,54.61.142.160,China,55580,1108
331,Merrily,Revelle,mrevelle96@163.com,Genderqueer,71.169.43.213,Netherlands,86155,1007
332,Ryun,Caherny,rcaherny97@sun.com,Male,99.14.16.156,Argentina,11486,1938
333,Adan,Simonassi,asimonassi98@who.int,Female,139.74.210.142,Indonesia,81568,1631
334,Madge,Bote,mbote99@usatoday.com,Female,250.165.196.155,Russia,59339,1074
335,Gui,Fipp,gfipp9a@webeden.co.uk,Female,12.107.116.22,Uganda,66424,724
336,Lindsay,Seacroft,lseacroft9b@howstuffworks.com,Male,82.102.113.234,Russia,79417,1317
337,Jaynell,Yakebovich,jyakebovich9c@facebook.com,Female,51.151.224.247,Nigeria,54967,1907
338,Rock,Densumbe,rdensumbe9d@wikispaces.com,Male,185.15.21.2,Indonesia,7100,882
339,Laurene,McCue,lmccue9e@mtv.com,Female,230.187.50.235,Brazil,46144,1608
340,Ervin,Clausen-Thue,eclausenthue9f@parallels.com,Genderqueer,154.111.71.250,China,19526,1066
341,Wayne,Ech,wech9g@deliciousdays.com,Male,84.87.245.170,France,85981,491
342,Caty,Leer,cleer9h@irs.gov,Female,230.182.251.233,France,94124,626
343,Evania,Milbank,emilbank9i@nps.gov,Female,133.9.233.140,Ukraine,50727,149
344,Melita,Blackshaw,mblackshaw9j@clickbank.net,Female,187.162.244.40,Brazil,72799,852
345,Lucias,Eliaz,leliaz9k@cam.ac.uk,Male,176.121.103.44,Indonesia,97938,920
346,Tarrance,Thamelt,tthamelt9l@diigo.com,Male,135.83.63.226,Belgium,43937,631
347,Mic,O'Deoran,modeoran9m@shutterfly.com,Bigender,222.156.147.236,Indonesia,29877,1379
348,Fae,Creeber,fcreeber9n@themeforest.net,Female,168.118.238.4,Armenia,79573,315
349,Cornie,Fant,cfant9o@discuz.net,Non-binary,230.13.245.135,Central African Republic,36186,596
350,Lisle,Raye,lraye9p@soundcloud.com,Male,149.37.185.191,Russia,16423,224
351,Galvan,Hackett,ghackett9q@timesonline.co.uk,Male,134.17.94.67,Germany,33590,231
352,Red,Kivell,rkivell9r@dot.gov,Male,116.182.126.200,Thailand,26469,1209
353,Gwenny,Menichino,gmenichino9s@amazon.de,Female,211.65.75.118,Poland,63755,1916
354,Roddy,Trigg,rtrigg9t@slashdot.org,Male,37.72.255.162,Portugal,74027,1150
355,Cristie,Lohde,clohde9u@plala.or.jp,Female,32.45.125.51,Indonesia,44193,855
356,Dona,Sieghart,dsieghart9v@ameblo.jp,Female,173.246.212.180,China,62276,968
357,Orella,Habin,ohabin9w@amazon.com,Female,140.157.33.2,Sweden,41911,763
358,Johnathan,Sedge,jsedge9x@indiatimes.com,Male,205.170.132.217,Indonesia,82136,813
359,Vita,Ciric,vciric9y@flavors.me,Female,64.234.100.129,Tanzania,60478,121
360,Jorry,Carp,jcarp9z@eventbrite.com,Female,8.198.230.30,Russia,21476,769
361,Maisey,Andreacci,mandreaccia0@list-manage.com,Female,79.115.234.184,Nigeria,99677,1425
362,Brian,Blakelock,bblakelocka1@economist.com,Male,195.41.145.82,Maldives,30525,992
363,Tedie,Lorentzen,tlorentzena2@illinois.edu,Male,66.230.75.67,Slovenia,23773,853
364,Ranice,Fenemore,rfenemorea3@google.co.jp,Female,116.21.92.211,China,64419,400
365,Winnie,Drewet,wdreweta4@ucsd.edu,Bigender,236.233.70.24,Greece,68330,763
366,Frederick,Edgeon,fedgeona5@bandcamp.com,Male,251.11.57.46,Russia,16939,1737
367,Wilma,Sigars,wsigarsa6@springer.com,Female,33.83.93.47,Portugal,54423,1311
368,Maynord,Cowpertwait,mcowpertwaita7@uol.com.br,Male,56.177.143.109,China,82904,1618
369,Hallie,Guarnier,hguarniera8@un.org,Female,61.192.95.103,Netherlands,2784,1160
370,Wolfy,Horrigan,whorrigana9@livejournal.com,Male,169.93.148.96,China,10671,1054
371,Vaclav,Exton,vextonaa@cdc.gov,Male,36.124.52.209,Pakistan,99963,1199
372,Danna,Bariball,dbariballab@furl.net,Female,136.16.41.155,Czech Republic,66334,914
373,Shayne,Sullivan,ssullivanac@reddit.com,Female,107.58.231.139,Hong Kong,67131,1873
374,Perry,Bogey,pbogeyad@oaic.gov.au,Male,115.88.57.188,Japan,41799,500
375,Finley,Stellino,fstellinoae@cnn.com,Male,217.170.191.41,Russia,66617,1240
376,Willamina,Spreag,wspreagaf@blog.com,Female,198.109.236.60,Kenya,15352,1582
377,Geri,Favel,gfavelag@thetimes.co.uk,Female,35.138.124.16,Ireland,95799,1892
378,Brandice,Giacovelli,bgiacovelliah@purevolume.com,Female,71.254.153.10,Libya,74286,1041
379,Preston,Whiteside,pwhitesideai@unicef.org,Male,40.150.98.218,Jordan,69342,156
380,Willdon,Mesant,wmesantaj@dailymotion.com,Male,167.6.15.135,Kosovo,43182,1152
381,Kathye,Waliszewski,kwaliszewskiak@google.it,Female,68.108.33.101,China,95744,1772
382,Diannne,Gaggen,dgaggenal@sun.com,Female,232.239.1.172,Indonesia,67834,1243
383,Abby,Nafzger,anafzgeram@multiply.com,Male,123.1.138.76,Poland,46925,128
384,Claretta,Reddecliffe,creddecliffean@businessweek.com,Female,106.225.10.66,Iran,55075,1559
385,Virgilio,Heister,vheisterao@constantcontact.com,Male,161.0.122.219,Indonesia,17034,560
386,Lyndsay,Lamb,llambap@slashdot.org,Female,23.46.178.237,Russia,41852,976
387,Annecorinne,Blackler,ablackleraq@yellowpages.com,Female,74.218.184.126,Brazil,63288,458
388,Denver,Brownrigg,dbrownriggar@prweb.com,Male,209.111.78.128,Ukraine,49346,1017
389,Danita,Pilling,dpillingas@domainmarket.com,Female,106.234.90.139,Indonesia,7973,700
390,Valle,Proby,vprobyat@wix.com,Male,224.36.235.165,Serbia,58489,385
391,Wandie,Blowne,wblowneau@blogs.com,Female,134.143.25.69,Nigeria,3311,732
392,Gerardo,Petrashov,gpetrashovav@nba.com,Male,242.131.175.54,China,62762,391
393,Kasper,Connue,kconnueaw@yolasite.com,Male,20.136.222.103,China,75145,931
394,Letta,McCaster,lmccasterax@patch.com,Female,121.106.27.207,France,6504,351
395,Melva,Mattke,mmattkeay@blogs.com,Female,163.72.87.219,China,70051,860
396,Frederic,Colleran,fcolleranaz@51.la,Male,15.151.200.126,China,40629,1426
397,Blondy,Beadnall,bbeadnallb0@domainmarket.com,Female,109.227.197.70,Canada,11158,702
398,Adan,Lernihan,alernihanb1@huffingtonpost.com,Female,185.251.242.188,China,61215,625
399,Annice,Yakubov,ayakubovb2@last.fm,Female,162.161.156.125,Indonesia,96995,694
400,Mirella,Lanyon,mlanyonb3@cisco.com,Female,26.91.38.34,China,57571,945
401,Bunni,Dominelli,bdominellib4@slate.com,Female,245.12.51.26,China,95370,319
402,Peirce,Danbury,pdanburyb5@thetimes.co.uk,Male,127.18.213.61,Malaysia,92681,581
403,Reuben,Springtorp,rspringtorpb6@mayoclinic.com,Male,152.167.3.154,Nigeria,44161,935
404,Maurise,Van Leijs,mvanleijsb7@123-reg.co.uk,Female,95.133.201.243,China,85669,856
405,Sue,Salman,ssalmanb8@accuweather.com,Female,186.85.36.148,Croatia,42348,1408
406,Amos,Lidster,alidsterb9@sohu.com,Male,36.11.148.221,Canada,54223,1392
407,Donnamarie,Motto,dmottoba@t.co,Genderqueer,53.68.83.116,Russia,54759,778
408,Daniella,Piesing,dpiesingbb@themeforest.net,Female,35.110.46.229,United States,24377,617
409,Vivianna,McCuaig,vmccuaigbc@hao123.com,Female,161.29.178.238,United States,35066,450
410,Vivien,Nussii,vnussiibd@prlog.org,Female,245.56.245.172,China,64821,1831
411,Jo-ann,Nockalls,jnockallsbe@wikispaces.com,Female,134.229.99.5,Indonesia,18354,609
412,Harvey,Abramovici,habramovicibf@360.cn,Agender,49.60.74.244,Tunisia,59124,1340
413,Lamont,Mattin,lmattinbg@histats.com,Male,132.26.20.78,Iraq,98183,1411
414,Tracey,Denes,tdenesbh@infoseek.co.jp,Female,51.67.230.33,Poland,88008,1278
415,Jordan,Uccello,juccellobi@last.fm,Male,78.32.74.145,Japan,70687,1101
416,Latrina,Gall,lgallbj@merriam-webster.com,Female,152.106.62.86,Indonesia,31360,478
417,Cosetta,Quarlis,cquarlisbk@sourceforge.net,Female,157.77.45.46,Mexico,40476,1721
418,Somerset,Adrain,sadrainbl@bloglines.com,Male,198.181.59.242,Brazil,99928,535
419,Lisha,Abbatini,labbatinibm@zdnet.com,Female,53.93.204.31,Finland,99926,1903
420,Frazier,Ginie,fginiebn@infoseek.co.jp,Male,4.217.167.30,Indonesia,35287,477
421,Berkie,Menguy,bmenguybo@squidoo.com,Male,199.63.132.18,Indonesia,40943,1134
422,Larissa,Mackison,lmackisonbp@eventbrite.com,Female,153.122.11.204,Greece,47316,484
423,Simone,Molder,smolderbq@youtu.be,Female,135.66.165.202,Democratic Republic of the Congo,98053,499
424,Bert,Pettinger,bpettingerbr@dell.com,Male,72.138.122.206,Brazil,87182,702
425,Amata,Ilyuchyov,ailyuchyovbs@phoca.cz,Female,63.58.15.241,Portugal,98727,869
426,Cherey,MacGeaney,cmacgeaneybt@microsoft.com,Female,95.142.44.54,Poland,74976,1659
427,Benji,Medcalfe,bmedcalfebu@prlog.org,Male,147.175.235.105,Russia,66908,1439
428,Ado,Preshous,apreshousbv@reddit.com,Male,139.42.6.134,Indonesia,7847,484
429,Graham,Kingshott,gkingshottbw@amazon.de,Male,203.163.152.230,North Korea,94356,1051
430,Dirk,Tolliday,dtollidaybx@hostgator.com,Male,102.218.247.78,Croatia,30807,513
431,Culley,Creelman,ccreelmanby@ed.gov,Male,92.221.221.180,China,77521,836
432,Aloise,Gaitskill,agaitskillbz@hhs.gov,Female,229.13.112.196,Palestinian Territory,64465,328
433,Betsy,Foulds,bfouldsc0@dion.ne.jp,Female,64.11.176.92,Indonesia,45840,419
434,Merell,Hassewell,mhassewellc1@springer.com,Male,81.61.254.82,Sweden,80022,516
435,Winslow,Roggero,wroggeroc2@disqus.com,Male,164.251.118.126,China,73105,1342
436,Deana,Rochelle,drochellec3@de.vu,Female,42.213.216.102,Malaysia,58739,264
437,Clem,Southby,csouthbyc4@goo.ne.jp,Male,249.19.72.173,Mexico,53312,1552
438,Vasily,Brumble,vbrumblec5@instagram.com,Male,218.200.111.2,Zimbabwe,25677,1405
439,Lia,Dosdale,ldosdalec6@gnu.org,Female,154.107.175.135,United States,28830,997
440,Robenia,Hedde,rheddec7@issuu.com,Female,181.234.204.211,China,25567,1755
441,Dalis,Scothron,dscothronc8@oracle.com,Non-binary,58.245.247.225,Brazil,17921,687
442,Sollie,Gueny,sguenyc9@sphinn.com,Male,119.130.128.188,Germany,49370,924
443,Enoch,Waliszewski,ewaliszewskica@barnesandnoble.com,Male,5.167.212.163,China,81752,1058
444,Ricki,Wyllt,rwylltcb@unesco.org,Male,194.60.103.61,Greece,59977,1654
445,Augusto,Counsell,acounsellcc@qq.com,Male,9.133.5.133,Ukraine,69239,852
446,Archambault,Graddon,agraddoncd@huffingtonpost.com,Male,46.70.18.86,Ghana,60820,1972
447,Kimbell,Wakeling,kwakelingce@123-reg.co.uk,Male,110.1.170.3,China,9053,303
448,Heinrick,Ferroni,hferronicf@state.tx.us,Male,114.7.174.30,Yemen,60806,1128
449,Cobby,Bourhill,cbourhillcg@miitbeian.gov.cn,Male,173.44.19.134,Russia,78035,740
450,Loise,Maty,lmatych@zdnet.com,Female,112.23.241.182,Italy,30596,1339
451,Auguste,Neising,aneisingci@examiner.com,Female,197.244.79.170,Denmark,8156,1433
452,Shannan,O'Haire,sohairecj@marriott.com,Male,222.168.181.23,Philippines,89801,935
453,Ardra,Drioli,adriolick@amazon.co.uk,Female,213.220.158.168,Philippines,42089,421
454,Lek,Goldine,lgoldinecl@biglobe.ne.jp,Male,134.241.187.121,China,75883,1146
455,Kristien,Rundle,krundlecm@cnn.com,Female,250.207.17.199,China,4371,933
456,Rochelle,Hitzschke,rhitzschkecn@comsenz.com,Female,125.252.141.26,Poland,86944,1032
457,Mikael,Pringuer,mpringuerco@friendfeed.com,Male,165.191.114.2,Brazil,66784,1004
458,Nicolai,Nevin,nnevincp@over-blog.com,Male,176.77.208.83,China,91313,1067
459,Bradford,Brisson,bbrissoncq@senate.gov,Male,88.93.197.94,Philippines,68447,615
460,Sioux,Sibborn,ssibborncr@craigslist.org,Female,1.91.178.158,China,65430,886
461,Winslow,Paddy,wpaddycs@sohu.com,Male,24.224.207.47,Indonesia,16981,993
462,Foss,Yashaev,fyashaevct@mit.edu,Male,247.142.25.164,China,73590,1770
463,Randi,Pawelke,rpawelkecu@twitpic.com,Male,7.115.2.28,France,21460,401
464,Catlaina,Milby,cmilbycv@skyrock.com,Female,110.193.237.88,Philippines,48741,780
465,Cairistiona,Saintpierre,csaintpierrecw@uol.com.br,Female,81.210.95.132,Japan,31231,916
466,Allison,Sumpton,asumptoncx@github.io,Female,84.40.241.9,Serbia,42382,1361
467,Wes,Mickelwright,wmickelwrightcy@furl.net,Male,194.29.175.243,Peru,30830,1787
468,Fitzgerald,Cremins,fcreminscz@icio.us,Male,60.38.229.227,China,27568,394
469,Alwyn,Rivilis,arivilisd0@artisteer.com,Male,251.102.65.40,Indonesia,35020,898
470,Con,Woodburne,cwoodburned1@360.cn,Male,79.181.55.155,China,55938,523
471,Norby,Louch,nlouchd2@nasa.gov,Male,127.119.31.249,Indonesia,42379,1933
472,Padgett,Hovert,phovertd3@amazonaws.com,Male,112.90.57.122,Brazil,53011,790
473,Dasi,Trask,dtraskd4@intel.com,Female,103.221.221.77,Portugal,51699,952
474,Silvester,Keenan,skeenand5@sogou.com,Male,238.252.17.149,China,8300,369
475,Rockwell,Keneford,rkenefordd6@nifty.com,Male,203.124.198.209,Russia,17583,1014
476,Roseanna,Bignold,rbignoldd7@reference.com,Female,95.83.23.23,Indonesia,59865,1089
477,Pattin,Trevan,ptrevand8@tripod.com,Male,68.218.53.143,Philippines,20279,128
478,Adamo,Pucknell,apucknelld9@webeden.co.uk,Male,223.65.128.132,China,33578,1675
479,Shandee,Burdge,sburdgeda@histats.com,Female,91.218.120.243,Indonesia,44421,1691
480,Lane,Cammack,lcammackdb@slideshare.net,Male,18.166.195.49,Indonesia,16082,1221
481,Judah,Canellas,jcanellasdc@slate.com,Male,255.23.115.64,France,55497,1409
482,Tally,Ramsby,tramsbydd@behance.net,Polygender,39.150.108.129,Indonesia,81357,1022
483,Isidro,Knightsbridge,iknightsbridgede@netscape.com,Male,239.225.187.156,Sweden,3566,1988
484,Amanda,Sainsbury-Brown,asainsburybrowndf@apache.org,Female,16.219.30.123,Peru,96218,2000
485,Sindee,Tassel,stasseldg@blinklist.com,Female,82.238.229.210,Indonesia,49204,1990
486,Gil,Chatfield,gchatfielddh@alibaba.com,Male,124.134.141.150,China,86002,1715
487,Boigie,Byllam,bbyllamdi@squidoo.com,Male,89.198.57.52,Portugal,7122,964
488,Cristine,Simoens,csimoensdj@house.gov,Female,100.59.246.92,Sweden,69296,1390
489,Adriaens,Pauleit,apauleitdk@opera.com,Female,6.144.102.80,Indonesia,98443,1872
490,Carmencita,Hinge,chingedl@paginegialle.it,Female,143.186.83.139,Colombia,55464,1067
491,Nicol,Petty,npettydm@live.com,Male,211.28.76.111,Argentina,63933,929
492,Wilbur,Hutson,whutsondn@soup.io,Male,212.29.48.4,United States,76549,1184
493,Kelci,Glader,kgladerdo@timesonline.co.uk,Female,197.108.182.114,Indonesia,98289,474
494,Pietra,Chalk,pchalkdp@reference.com,Female,170.18.227.117,China,84798,1617
495,Maude,Verbrugghen,mverbrugghendq@usgs.gov,Female,1.98.17.68,China,68022,1604
496,Pauli,Lewtey,plewteydr@nydailynews.com,Female,143.193.241.164,Belize,47226,804
497,Melody,Boulton,mboultonds@si.edu,Female,86.11.171.149,Japan,20941,1324
498,Kelli,Backler,kbacklerdt@yellowpages.com,Female,219.137.134.9,Brazil,48422,1321
499,Randi,Worsnop,rworsnopdu@accuweather.com,Male,76.107.124.157,Poland,25387,643
500,Bartram,McFarlan,bmcfarlandv@unblog.fr,Male,170.100.49.82,Argentina,97539,500
501,Aimee,Peinton,apeintondw@fc2.com,Female,29.231.223.48,Russia,51111,798
502,Launce,Spere,lsperedx@github.com,Male,175.236.163.62,Spain,96458,436
503,Dorella,Holton,dholtondy@g.co,Female,220.240.61.215,Latvia,41693,413
504,Margaret,Lubeck,mlubeckdz@census.gov,Female,144.36.63.209,Russia,71988,443
505,Obadiah,Wolstenholme,owolstenholmee0@hhs.gov,Male,87.61.147.162,China,11884,107
506,Robinia,Castagnaro,rcastagnaroe1@cbsnews.com,Female,243.200.65.161,Poland,6566,1798
507,Annabell,Snel,asnele2@youku.com,Female,53.252.197.45,Russia,6115,217
508,Tom,Prinett,tprinette3@jigsy.com,Male,142.72.167.4,Russia,51476,824
509,Tobie,Frangello,tfrangelloe4@symantec.com,Male,247.254.66.142,Albania,26978,876
510,Lexis,Mancer,lmancere5@nyu.edu,Female,220.15.169.174,Paraguay,71944,1227
511,Caron,Mimmack,cmimmacke6@nih.gov,Female,187.188.246.103,United States,19065,1734
512,Nerty,Beardsall,nbeardsalle7@thetimes.co.uk,Female,139.40.77.128,Indonesia,32851,1432
513,Adolphus,Stonner,astonnere8@tumblr.com,Bigender,54.83.59.56,Ghana,12136,271
514,Jude,Shillingford,jshillingforde9@nifty.com,Male,41.221.134.128,Brazil,40997,1014
515,Ozzie,Ambroise,oambroiseea@yellowpages.com,Male,156.155.149.117,Indonesia,6226,188
516,Jeannie,Bratley,jbratleyeb@craigslist.org,Bigender,144.83.216.31,Bulgaria,40903,1435
517,Alexandros,Showte,ashowteec@instagram.com,Male,76.93.185.225,Greece,13838,1539
518,Evanne,Hardan,ehardaned@unicef.org,Female,68.138.30.87,Thailand,82106,895
519,Thaine,Dobrowolski,tdobrowolskiee@adobe.com,Male,191.218.243.68,Portugal,65325,1288
520,Abrahan,Dudney,adudneyef@mac.com,Male,98.238.79.111,Tuvalu,48869,1088
521,Babara,Rubinow,brubinoweg@tmall.com,Female,139.49.187.108,North Korea,51221,1070
522,Clerc,Sponton,cspontoneh@sina.com.cn,Male,40.120.119.26,Czech Republic,52908,496
523,Tedda,Gadesby,tgadesbyei@state.gov,Female,214.9.48.215,Czech Republic,53955,581
524,Ofilia,Glassard,oglassardej@wikia.com,Female,245.17.229.79,Germany,99768,830
525,Ike,Rudgerd,irudgerdek@trellian.com,Male,254.179.134.138,Afghanistan,2509,1076
526,Ashely,McNysche,amcnyscheel@delicious.com,Female,77.248.237.100,Croatia,54558,1263
527,Gretel,Barribal,gbarribalem@illinois.edu,Female,84.138.174.234,Indonesia,52970,343
528,Emlyn,Trayling,etraylingen@si.edu,Female,65.166.7.241,Democratic Republic of the Congo,14718,1145
529,Allianora,Belly,abellyeo@wufoo.com,Female,164.229.220.143,Brazil,72421,542
530,Marta,Winsley,mwinsleyep@lycos.com,Female,36.130.242.103,China,62229,248
531,Tedra,Barthorpe,tbarthorpeeq@admin.ch,Female,75.7.241.218,United States,98993,1736
532,Johnette,Wildgoose,jwildgooseer@geocities.jp,Female,239.194.35.231,France,16445,532
533,Georgette,Yakobowitch,gyakobowitches@xrea.com,Female,94.240.252.107,Peru,51091,558
534,Antony,McCathie,amccathieet@google.ca,Agender,47.129.79.44,Japan,85028,789
535,Robinet,Dillestone,rdillestoneeu@networkadvertising.org,Male,182.255.223.169,Philippines,3529,748
536,Thayne,Hickenbottom,thickenbottomev@census.gov,Agender,178.190.156.196,Finland,5926,1302
537,Deidre,Gaucher,dgaucherew@omniture.com,Female,49.190.238.46,China,31483,752
538,Meier,Birchenhead,mbirchenheadex@yahoo.co.jp,Male,175.129.206.204,Gabon,23901,457
539,Wileen,Gammill,wgammilley@craigslist.org,Female,103.40.34.16,Peru,42372,535
540,Jasen,Hardy,jhardyez@cbslocal.com,Male,68.97.11.46,Argentina,31954,211
541,Simon,Trayling,straylingf0@foxnews.com,Male,64.249.1.23,Sweden,56726,1700
542,Shel,Kirwin,skirwinf1@senate.gov,Female,224.141.2.131,China,90868,719
543,Jacqui,Bannard,jbannardf2@nyu.edu,Female,96.202.218.32,Sri Lanka,71650,1398
544,Roscoe,Taplow,rtaplowf3@tmall.com,Male,154.134.55.196,Indonesia,33456,1040
545,Dwayne,Ison,disonf4@vinaora.com,Male,227.73.26.71,China,60031,711
546,Elvira,Greave,egreavef5@nasa.gov,Female,77.76.88.9,Poland,57510,1625
547,Huey,Frankel,hfrankelf6@exblog.jp,Male,232.161.34.113,Russia,78831,1909
548,Kerri,Strognell,kstrognellf7@nasa.gov,Female,248.96.181.116,United States,92881,443
549,Yolande,Gabbitis,ygabbitisf8@ucsd.edu,Agender,166.242.42.254,Indonesia,94096,977
550,Constantino,Bouts,cboutsf9@posterous.com,Male,234.93.198.137,Indonesia,59359,774
551,Holly-anne,Hardbattle,hhardbattlefa@cnn.com,Female,246.117.111.25,Vietnam,3781,716
552,Luciana,Gilhouley,lgilhouleyfb@soundcloud.com,Female,246.228.27.161,Poland,30272,121
553,Antonella,Trasler,atraslerfc@gravatar.com,Female,43.193.223.66,Greece,50985,1367
554,Chauncey,Swetenham,cswetenhamfd@sogou.com,Male,222.39.50.90,Canada,37004,1886
555,Celka,McKeighen,cmckeighenfe@ca.gov,Female,59.2.83.121,China,47254,1846
556,Homere,Wenger,hwengerff@photobucket.com,Male,8.175.173.24,Honduras,15965,515
557,Maxim,Fazzioli,mfazziolifg@hatena.ne.jp,Male,101.70.255.15,China,52760,378
558,Billy,Laing,blaingfh@ycombinator.com,Polygender,53.184.65.15,Ukraine,55253,459
559,Odelia,Carwithim,ocarwithimfi@oakley.com,Female,111.167.44.18,Philippines,38345,1924
560,Wash,Fiddeman,wfiddemanfj@icq.com,Male,37.174.15.9,China,64807,1171
561,Frederic,Herity,fherityfk@wikia.com,Male,149.201.101.121,Russia,77063,1885
562,Patricia,Bertouloume,pbertouloumefl@washington.edu,Female,235.58.124.128,Philippines,68331,222
563,Wilmer,Trevorrow,wtrevorrowfm@rakuten.co.jp,Male,68.238.165.159,Portugal,95134,218
564,Karry,Denty,kdentyfn@sohu.com,Female,116.191.143.175,Spain,69402,1100
565,Allegra,Vinker,avinkerfo@stanford.edu,Genderfluid,230.110.176.166,Canada,60911,748
566,Rog,Pashler,rpashlerfp@yellowpages.com,Male,206.165.175.50,Russia,22002,1791
567,Eric,Oulett,eoulettfq@deliciousdays.com,Male,105.50.218.93,China,5766,308
568,Heinrick,Grasser,hgrasserfr@ovh.net,Male,20.31.252.50,Indonesia,88930,439
569,Emelyne,Imlock,eimlockfs@huffingtonpost.com,Genderqueer,172.45.236.41,Hungary,44477,1000
570,Phillip,Rauprich,prauprichft@reference.com,Male,32.39.136.109,Russia,76882,421
571,Ginnifer,Godney,ggodneyfu@tuttocitta.it,Female,15.251.8.70,Netherlands,29405,1616
572,Clevey,Kaley,ckaleyfv@nhs.uk,Bigender,130.116.248.64,China,54873,474
573,Sonnie,Masi,smasifw@clickbank.net,Male,127.128.196.110,Russia,93993,939
574,Berni,Shelliday,bshellidayfx@earthlink.net,Female,148.104.73.156,Portugal,78668,756
575,Myranda,Behnecken,mbehneckenfy@sun.com,Female,201.52.6.11,Portugal,79203,641
576,Nettie,Orlton,norltonfz@ycombinator.com,Female,133.152.61.56,Sri Lanka,68335,1732
577,Lorilyn,Bentson,lbentsong0@skype.com,Female,120.138.156.56,Uganda,41256,1358
578,Franciskus,Lemary,flemaryg1@omniture.com,Genderqueer,221.128.150.102,Russia,44927,1922
579,Hector,Tillard,htillardg2@gravatar.com,Male,57.253.33.51,China,74597,1110
580,Hebert,Graham,hgrahamg3@sfgate.com,Male,162.36.88.86,Norway,66289,597
581,Sonnnie,Dudson,sdudsong4@usda.gov,Female,157.6.233.236,China,66712,1454
582,Ava,Spensly,aspenslyg5@vistaprint.com,Female,104.43.250.210,Libya,74415,613
583,Albertina,Pendrill,apendrillg6@xinhuanet.com,Female,181.209.175.90,Poland,31615,459
584,Curtice,Conyer,cconyerg7@ucoz.ru,Male,175.74.89.184,United States,33592,751
585,Olivia,Goldson,ogoldsong8@yellowbook.com,Female,133.99.28.96,Kenya,65822,242
586,Mathe,Faulder,mfaulderg9@4shared.com,Male,10.186.115.179,Benin,35085,1679
587,Dynah,Lemary,dlemaryga@un.org,Genderfluid,179.243.152.90,Indonesia,46233,606
588,Artur,Marushak,amarushakgb@vk.com,Male,64.179.221.54,Tanzania,32920,431
589,Ario,Woodage,awoodagegc@naver.com,Male,199.93.185.210,Peru,34541,1861
590,Melinda,Weale,mwealegd@multiply.com,Female,226.179.13.106,Portugal,61351,1147
591,Cleon,Stoffer,cstofferge@walmart.com,Male,197.0.164.238,Indonesia,71571,1842
592,Faber,McCaghan,fmccaghangf@dot.gov,Male,22.138.48.124,Uzbekistan,78338,224
593,Faith,Roscher,froschergg@ifeng.com,Female,72.11.156.212,Croatia,53313,523
594,Horton,Buddington,hbuddingtongh@trellian.com,Male,220.111.34.97,South Korea,4371,445
595,Kerwin,Southworth,ksouthworthgi@youtube.com,Male,99.62.106.249,United States,4982,1026
596,Arvie,Chalice,achalicegj@gizmodo.com,Male,143.191.224.25,United States,94324,1606
597,Krysta,Coxhell,kcoxhellgk@cocolog-nifty.com,Female,48.135.253.177,Portugal,86158,565
598,Cris,Vile,cvilegl@businessinsider.com,Male,179.139.214.121,China,88383,921
599,Jessalin,Libri,jlibrigm@hatena.ne.jp,Bigender,248.105.234.126,China,13177,566
600,Alleen,Munton,amuntongn@deviantart.com,Female,39.210.245.226,Slovenia,28647,1534
601,Giselbert,McGarvey,gmcgarveygo@dagondesign.com,Male,225.151.247.97,New Zealand,11603,768
602,Dirk,McCole,dmccolegp@typepad.com,Male,187.69.33.196,Japan,24730,991
603,Humfried,Ciccetti,hciccettigq@discuz.net,Male,103.28.36.234,China,13978,494
604,Brady,Lindsay,blindsaygr@gizmodo.com,Non-binary,184.160.42.170,Portugal,24013,1176
605,Dasie,Pittham,dpitthamgs@addthis.com,Non-binary,252.237.157.5,Thailand,12400,1894
606,Jethro,Matterface,jmatterfacegt@weibo.com,Male,244.93.38.235,China,35780,571
607,Skippy,Gremain,sgremaingu@printfriendly.com,Male,152.229.116.223,Venezuela,41052,745
608,Joella,Moyes,jmoyesgv@cloudflare.com,Female,92.66.115.207,China,56328,240
609,Graehme,Pedlow,gpedlowgw@posterous.com,Male,151.236.122.8,Portugal,99953,280
610,Howie,Stollsteimer,hstollsteimergx@freewebs.com,Male,1.85.128.19,Russia,40604,1669
611,Nerita,Primett,nprimettgy@yellowbook.com,Agender,111.210.224.104,China,99822,714
612,Claiborn,Joseff,cjoseffgz@examiner.com,Male,11.59.123.125,Honduras,4295,1884
613,Sascha,Bettenson,sbettensonh0@gnu.org,Male,225.41.228.93,Philippines,71064,535
614,Deena,Liddard,dliddardh1@free.fr,Female,131.120.46.21,Russia,86226,1190
615,Sally,Blowes,sblowesh2@nyu.edu,Bigender,80.25.184.112,China,25767,1400
616,Ham,Gawthorp,hgawthorph3@usgs.gov,Male,215.186.249.54,Bulgaria,58187,1800
617,Ashleigh,Mungham,amunghamh4@mlb.com,Female,172.120.213.59,Portugal,81576,1884
618,Derrek,Sallows,dsallowsh5@eepurl.com,Male,171.80.95.186,Indonesia,81664,1337
619,Byran,Howe,bhoweh6@cisco.com,Male,129.15.175.184,Russia,13243,389
620,Connor,Freeman,cfreemanh7@moonfruit.com,Genderqueer,98.209.137.193,Russia,94151,1348
621,Garrek,Filchakov,gfilchakovh8@sohu.com,Male,231.95.110.123,Indonesia,94668,1712
622,Adriane,Saterweyte,asaterweyteh9@google.nl,Female,143.116.160.248,Canada,34127,1304
623,Alric,Wilber,awilberha@mozilla.com,Male,141.122.169.148,Philippines,89407,224
624,Kin,Gerling,kgerlinghb@infoseek.co.jp,Male,69.129.179.108,Russia,50606,1545
625,Sukey,Mawtus,smawtushc@facebook.com,Female,243.162.155.132,China,12763,1571
626,Aviva,McKinney,amckinneyhd@msn.com,Female,118.231.213.24,Russia,84498,776
627,Rachael,Ecob,recobhe@ning.com,Female,228.116.175.127,China,42462,1497
628,Kyle,Estrella,kestrellahf@ft.com,Male,252.0.214.246,Brazil,31465,253
629,Stesha,Arlt,sarlthg@reddit.com,Female,157.34.162.54,Czech Republic,38076,1420
630,Konstanze,Claussen,kclaussenhh@nih.gov,Female,38.90.61.226,Indonesia,30726,1097
631,Jessalin,Swarbrick,jswarbrickhi@statcounter.com,Female,213.147.157.25,Czech Republic,35350,1931
632,Esra,Van T'Hoog,evanthooghj@dailymotion.com,Male,247.217.176.69,China,36742,1966
633,Tabbitha,Draycott,tdraycotthk@behance.net,Female,9.175.43.226,Peru,51417,1444
634,Boris,McPaik,bmcpaikhl@slideshare.net,Male,71.4.156.2,Guatemala,23105,1213
635,Ibby,Halwood,ihalwoodhm@bloglines.com,Female,170.64.18.110,Portugal,11237,1408
636,Filippa,Klug,fklughn@cam.ac.uk,Bigender,39.35.10.31,Greece,53357,205
637,Samara,Posten,spostenho@gizmodo.com,Female,251.62.234.65,Ireland,6332,860
638,Claribel,Strode,cstrodehp@vk.com,Female,96.111.241.112,France,92084,195
639,Raf,Rathjen,rrathjenhq@cornell.edu,Genderqueer,184.206.152.46,Macedonia,21119,381
640,Josee,Garken,jgarkenhr@cdbaby.com,Female,80.50.243.57,Armenia,52845,976
641,Sheffield,Pavlovic,spavlovichs@example.com,Male,100.48.81.184,Mongolia,85594,232
642,Rubia,Lelliott,rlelliottht@walmart.com,Female,249.171.200.100,France,64400,1537
643,Nicolea,Kennermann,nkennermannhu@cpanel.net,Bigender,196.226.138.64,Indonesia,95645,629
644,Alica,Harman,aharmanhv@vk.com,Female,224.61.112.144,Japan,32348,431
645,Jerry,Coath,jcoathhw@wikia.com,Male,223.153.236.188,Thailand,61206,1499
646,Cy,Merredy,cmerredyhx@bigcartel.com,Male,201.96.26.142,Argentina,31182,1508
647,Huntington,Quartermaine,hquartermainehy@bloomberg.com,Male,32.73.215.127,Cyprus,48573,1649
648,Caitrin,Shipp,cshipphz@google.fr,Female,27.95.97.85,Indonesia,67442,334
649,Nora,Larratt,nlarratti0@amazon.de,Female,203.179.241.176,Brazil,43439,522
650,Rosaline,MacGinney,rmacginneyi1@pinterest.com,Female,18.212.149.100,Russia,21282,1333
651,Leanora,Pirdue,lpirduei2@fotki.com,Polygender,168.28.217.198,France,82280,1850
652,Luis,Fendlen,lfendleni3@list-manage.com,Male,149.182.135.63,Nigeria,55197,1493
653,Faustina,Mallaby,fmallabyi4@msu.edu,Female,103.13.13.200,Philippines,82765,130
654,Edeline,Schimon,eschimoni5@epa.gov,Female,65.29.168.136,Pakistan,88507,1519
655,Emma,enzley,eenzleyi6@bravesites.com,Female,137.51.117.135,Russia,49206,1464
656,Francoise,Alderwick,falderwicki7@army.mil,Female,185.11.58.94,Indonesia,44624,1962
657,Fitzgerald,Donohoe,fdonohoei8@imdb.com,Male,194.40.173.224,Croatia,97762,387
658,Lyon,Cradick,lcradicki9@go.com,Male,23.218.212.254,Poland,16411,954
659,Edvard,Curle,ecurleia@elpais.com,Male,226.200.165.148,Japan,13418,1214
660,Adelaide,Radbourne,aradbourneib@paypal.com,Female,73.181.66.84,Paraguay,78563,1310
661,Darius,Ludl,dludlic@washingtonpost.com,Male,44.36.218.242,Azerbaijan,99604,109
662,Gregor,Gildea,ggildeaid@intel.com,Male,161.230.234.82,China,41345,1673
663,Emanuele,Measor,emeasorie@devhub.com,Male,88.97.95.2,Vietnam,8817,1939
664,Gaston,Cawthra,gcawthraif@wikimedia.org,Male,134.248.199.27,Greece,59451,1374
665,Garrot,McCue,gmccueig@adobe.com,Male,81.224.222.170,Japan,46204,400
666,Coral,Mc Caughan,cmccaughanih@bizjournals.com,Female,124.144.70.16,Peru,47736,1670
667,Mareah,Van den Dael,mvandendaelii@woothemes.com,Bigender,239.217.23.98,Albania,92726,1413
668,Amii,Joyner,ajoynerij@ucoz.ru,Female,146.1.90.27,Indonesia,84437,875
669,Alwyn,Springer,aspringerik@infoseek.co.jp,Male,126.74.175.32,Sweden,38926,1988
670,Cyrille,Rosetti,crosettiil@google.com,Male,14.97.23.128,China,62068,333
671,Josey,Barracks,jbarracksim@eepurl.com,Genderqueer,102.200.241.183,China,44293,290
672,Egor,Bridell,ebridellin@abc.net.au,Male,40.178.145.75,Jamaica,61016,913
673,Mohammed,McCalum,mmccalumio@trellian.com,Male,246.104.209.5,China,2863,1523
674,Agnesse,Bisacre,abisacreip@rediff.com,Female,209.183.241.77,Philippines,16104,1270
675,Wally,Vooght,wvooghtiq@diigo.com,Female,198.39.86.202,Brazil,2867,1026
676,Fred,Swapp,fswappir@vimeo.com,Male,147.134.139.243,Poland,32500,1795
677,Gates,Huby,ghubyis@soup.io,Female,7.68.241.158,Uzbekistan,48172,383
678,Michaelina,Gant,mgantit@arizona.edu,Female,216.8.190.189,Yemen,13098,406
679,Baxy,McCloud,bmccloudiu@odnoklassniki.ru,Bigender,31.144.107.232,China,55618,861
680,Emelen,Dewdney,edewdneyiv@booking.com,Male,145.122.11.254,China,16382,1182
681,Whit,Naisey,wnaiseyiw@home.pl,Male,48.20.71.106,Philippines,7290,551
682,Aloise,McSporrin,amcsporrinix@ovh.net,Female,235.64.137.73,China,78217,1748
683,Quill,Cannam,qcannamiy@rediff.com,Male,251.95.11.125,Brazil,71279,645
684,Lindie,Campagne,lcampagneiz@cbc.ca,Female,97.64.140.252,South Africa,25468,601
685,Charil,Cater,ccaterj0@jimdo.com,Female,97.232.123.57,United States,31465,533
686,Garv,Sillitoe,gsillitoej1@fema.gov,Male,196.180.146.18,China,31408,828
687,Angie,Domenget,adomengetj2@histats.com,Female,156.41.165.46,France,53199,588
688,Lesly,Ambrois,lambroisj3@vimeo.com,Female,246.171.146.13,Ireland,93803,1516
689,Duncan,Garner,dgarnerj4@globo.com,Male,61.165.213.95,Indonesia,74532,312
690,Martelle,O' Mulderrig,momulderrigj5@sina.com.cn,Female,63.116.97.157,France,93210,1825
691,Packston,Thomann,pthomannj6@tuttocitta.it,Male,104.136.130.180,Indonesia,92569,124
692,Ario,Greedier,agreedierj7@marketwatch.com,Male,64.0.120.232,Kenya,75195,1517
693,Constantina,Bradforth,cbradforthj8@goo.gl,Female,101.44.101.136,Guinea,73665,1701
694,Giles,Hlavecek,ghlavecekj9@stumbleupon.com,Genderqueer,140.85.46.246,Kazakhstan,37030,1271
695,Llywellyn,MacDuff,lmacduffja@tripod.com,Male,235.53.108.248,Malaysia,90242,1744
696,Adi,Ziebart,aziebartjb@mlb.com,Female,233.23.53.210,Norway,87930,1247
697,Jecho,Gooders,jgoodersjc@state.gov,Male,116.47.149.30,Ukraine,77044,1478
698,Roshelle,Fosten,rfostenjd@mashable.com,Female,7.223.119.40,Portugal,95287,1854
699,Kimbell,Grelak,kgrelakje@jugem.jp,Male,100.124.7.217,Poland,29303,1391
700,Hobie,Butte,hbuttejf@washingtonpost.com,Male,68.26.242.25,China,12832,227
701,Alvie,Kobel,akobeljg@cbsnews.com,Male,61.60.123.239,Indonesia,91582,1495
702,Tucky,Winterbotham,twinterbothamjh@msu.edu,Agender,191.137.132.159,Croatia,20246,154
703,Maddy,Gravett,mgravettji@biglobe.ne.jp,Male,210.156.194.44,Indonesia,63383,1687
704,Edithe,Trail,etrailjj@ca.gov,Female,8.98.20.122,United States,86306,197
705,Cam,Rawlison,crawlisonjk@opensource.org,Genderqueer,62.121.24.233,Azerbaijan,51110,311
706,Elsworth,Cowope,ecowopejl@usgs.gov,Male,48.62.222.29,Cameroon,84813,1343
707,Tommi,Abele,tabelejm@tinyurl.com,Non-binary,170.3.11.242,Tanzania,65408,1851
708,Gertrud,Norree,gnorreejn@topsy.com,Female,10.245.229.110,Jordan,89332,160
709,Lazaro,Twelvetrees,ltwelvetreesjo@google.fr,Male,159.196.30.147,Philippines,46526,1622
710,Justin,Maddocks,jmaddocksjp@fema.gov,Male,237.170.131.219,Russia,5569,1694
711,Sharla,Grishakov,sgrishakovjq@yellowpages.com,Genderqueer,110.119.164.232,Brazil,94419,711
712,Jasen,Will,jwilljr@google.com.hk,Male,174.158.224.139,Colombia,66984,1866
713,Bambi,Giovanazzi,bgiovanazzijs@nhs.uk,Female,241.125.191.68,Austria,49019,945
714,Sollie,Killby,skillbyjt@alexa.com,Male,102.154.109.202,Canada,3108,980
715,Katina,Trevor,ktrevorju@nps.gov,Agender,255.14.181.11,Indonesia,11697,784
716,Karna,Macklin,kmacklinjv@macromedia.com,Female,247.219.44.23,Cameroon,68483,812
717,Starr,Saker,ssakerjw@washington.edu,Female,166.111.53.97,China,32338,995
718,Perrine,Martel,pmarteljx@prlog.org,Female,251.7.107.255,Colombia,26262,1691
719,Casar,Scouler,cscoulerjy@phoca.cz,Male,240.38.194.132,China,2080,1656
720,Tripp,Bold,tboldjz@sciencedaily.com,Male,81.84.176.22,China,24566,480
721,Jasper,Grestye,jgrestyek0@opensource.org,Male,23.3.136.240,Slovenia,75894,942
722,Freida,Paggitt,fpaggittk1@illinois.edu,Female,98.16.205.237,China,75040,1908
723,Elisabet,Skey,eskeyk2@instagram.com,Genderqueer,254.91.136.151,Bangladesh,22275,1928
724,Henka,Eyeington,heyeingtonk3@blogspot.com,Female,17.3.129.89,Argentina,69035,929
725,Clemmy,Goodwill,cgoodwillk4@theatlantic.com,Male,180.254.160.146,China,15923,1663
726,Willyt,Phethean,wphetheank5@xrea.com,Female,194.246.131.104,Democratic Republic of the Congo,19920,309
727,Chrysler,Darwent,cdarwentk6@yellowbook.com,Female,146.122.162.223,Brazil,55898,1485
728,Darius,Rosenboim,drosenboimk7@cnn.com,Male,195.86.112.59,China,23303,627
729,Verene,Penketh,vpenkethk8@usgs.gov,Female,61.243.166.142,China,9792,111
730,Cesar,Wishart,cwishartk9@sbwire.com,Male,4.21.252.244,Finland,47117,312
731,Johnath,Wenham,jwenhamka@apple.com,Female,249.221.178.10,Pakistan,75197,1218
732,Jerrilee,Ansell,jansellkb@dion.ne.jp,Female,140.60.221.218,Poland,92372,1736
733,Leticia,Alltimes,lalltimeskc@sourceforge.net,Female,43.202.3.101,Tanzania,57424,1604
734,Saloma,Ebbles,sebbleskd@intel.com,Female,20.206.143.123,Ukraine,59830,416
735,Lurline,Vittery,lvitteryke@fotki.com,Female,204.161.9.162,Philippines,76460,466
736,Kaycee,Caslane,kcaslanekf@bloglovin.com,Female,121.25.246.232,Argentina,87612,312
737,Vera,Claricoats,vclaricoatskg@ted.com,Female,165.48.240.149,Brazil,98423,1060
738,Rudie,Brittin,rbrittinkh@last.fm,Male,76.178.28.3,Canada,71238,406
739,Torrie,Flaune,tflauneki@tuttocitta.it,Non-binary,226.115.15.184,Indonesia,33742,264
740,Dorthea,McArtan,dmcartankj@ihg.com,Female,120.122.125.67,Colombia,74512,955
741,Alexa,Hattoe,ahattoekk@dion.ne.jp,Agender,82.6.63.99,Indonesia,35962,491
742,Margaret,Danzelman,mdanzelmankl@tinyurl.com,Female,221.40.47.22,Brazil,58156,1639
743,Mari,Badman,mbadmankm@twitter.com,Female,177.83.222.111,Guatemala,6123,1206
744,Tim,Orcas,torcaskn@slideshare.net,Male,58.212.81.49,Russia,95427,1226
745,Legra,Reaper,lreaperko@icq.com,Female,51.43.65.195,Philippines,5958,1670
746,Berna,MacMeekan,bmacmeekankp@squarespace.com,Female,42.121.77.201,Portugal,15696,1988
747,Belinda,Faherty,bfahertykq@seattletimes.com,Agender,195.230.251.141,China,69800,230
748,Anjela,Jenner,ajennerkr@answers.com,Female,153.192.124.91,China,35007,313
749,Kellen,Medforth,kmedforthks@mozilla.org,Male,199.98.221.111,Czech Republic,35918,1554
750,Kaine,Jorgensen,kjorgensenkt@tumblr.com,Male,50.33.248.177,Ukraine,62420,1327
751,Klara,Rutt,kruttku@fda.gov,Female,123.247.236.233,Cuba,19352,126
752,Theodosia,Morecombe,tmorecombekv@hhs.gov,Female,0.79.71.189,Indonesia,51979,818
753,Mab,Gonning,mgonningkw@scribd.com,Female,216.203.6.206,China,15990,1423
754,Erasmus,Lambell,elambellkx@europa.eu,Male,66.103.231.151,Greece,22571,762
755,Marena,Aire,maireky@prlog.org,Female,29.129.84.70,Ukraine,24587,1796
756,Tresa,Phuprate,tphupratekz@businessweek.com,Female,252.43.170.177,United States,53144,950
757,Benoite,Fallowes,bfallowesl0@instagram.com,Female,247.211.17.236,Indonesia,99937,1911
758,Ezmeralda,Struis,estruisl1@businesswire.com,Female,41.24.55.157,Philippines,48701,1555
759,Sophi,Spittles,sspittlesl2@ed.gov,Bigender,126.251.223.17,Philippines,47472,997
760,Rasia,Sarfass,rsarfassl3@blinklist.com,Female,97.75.90.254,China,15916,1464
761,Ted,Armit,tarmitl4@xinhuanet.com,Female,13.14.242.72,China,93335,464
762,Emily,Spurdon,espurdonl5@vimeo.com,Female,159.113.191.144,Russia,43069,932
763,Cliff,Garmston,cgarmstonl6@berkeley.edu,Male,117.111.10.16,Poland,87798,1420
764,Saundra,Mainston,smainstonl7@cyberchimps.com,Male,224.253.26.234,Peru,82126,380
765,Renee,Breakwell,rbreakwelll8@imdb.com,Female,252.79.216.235,Armenia,23577,138
766,Michaeline,Colnet,mcolnetl9@vinaora.com,Female,19.187.43.216,France,10673,1301
767,Shanie,Do Rosario,sdorosariola@liveinternet.ru,Non-binary,185.206.161.65,Peru,57846,1841
768,Rex,Stolberg,rstolberglb@liveinternet.ru,Male,21.198.153.219,Indonesia,90114,1902
769,Chas,Myerscough,cmyerscoughlc@tinypic.com,Male,200.67.31.217,China,36000,1319
770,Ebba,Giberd,egiberdld@e-recht24.de,Female,178.91.132.95,Norway,44847,637
771,Nadia,Basford,nbasfordle@wikimedia.org,Female,7.253.117.51,Argentina,76906,1121
772,Tilda,McIlhatton,tmcilhattonlf@liveinternet.ru,Female,238.205.17.31,Peru,18873,1893
773,Horacio,Keelin,hkeelinlg@icio.us,Male,62.11.153.225,Ukraine,67315,238
774,Dell,Ugo,dugolh@about.com,Genderqueer,13.156.14.147,Colombia,40162,896
775,Rolland,Le Marquand,rlemarquandli@va.gov,Male,13.226.152.133,Uzbekistan,93862,1232
776,Beverlee,McCrow,bmccrowlj@washingtonpost.com,Female,200.211.43.56,China,38170,217
777,Sal,Cutress,scutresslk@webs.com,Female,35.234.158.138,China,91954,1765
778,Jacinta,Kipling,jkiplingll@youtu.be,Female,227.36.35.250,Mexico,46427,1050
779,Stanford,Robertazzi,srobertazzilm@jiathis.com,Male,216.3.138.215,Luxembourg,16027,1623
780,Talia,Tomes,ttomesln@fda.gov,Agender,229.128.247.80,Bermuda,9570,277
781,Darbie,McCorkell,dmccorkelllo@istockphoto.com,Female,16.230.160.108,Peru,31086,1238
782,Denni,Pepi,dpepilp@sohu.com,Female,176.155.103.115,Argentina,22067,598
783,Seline,Boggas,sboggaslq@ezinearticles.com,Female,45.63.20.113,Poland,3742,1524
784,Fredi,Mumbey,fmumbeylr@com.com,Agender,82.181.9.52,Russia,99516,304
785,Thornie,Tims,ttimsls@furl.net,Male,153.102.100.153,Japan,28385,1484
786,Royce,Langfitt,rlangfittlt@dell.com,Male,102.202.92.139,Lithuania,65439,1753
787,Anatola,Biddwell,abiddwelllu@un.org,Non-binary,91.163.33.62,Malaysia,17728,385
788,Cinda,Twigge,ctwiggelv@china.com.cn,Female,113.213.217.217,Serbia,91788,634
789,Hillel,Fateley,hfateleylw@blog.com,Male,239.203.238.156,China,32518,346
790,Carita,Sandyford,csandyfordlx@facebook.com,Female,255.226.70.194,China,2912,1140
791,Niels,Lufkin,nlufkinly@ameblo.jp,Male,6.200.16.86,Canada,47637,939
792,Jess,Chelsom,jchelsomlz@acquirethisname.com,Female,89.132.168.19,China,68683,1198
793,Evyn,Harbage,eharbagem0@alexa.com,Male,237.190.147.1,Cyprus,63150,327
794,Cherin,Van Der Weedenburg,cvanderweedenburgm1@cocolog-nifty.com,Non-binary,49.189.3.115,Netherlands,69780,1952
795,Rosaleen,Dacks,rdacksm2@ezinearticles.com,Female,127.223.60.206,China,66178,519
796,Artemus,Gorhardt,agorhardtm3@ca.gov,Male,208.8.161.67,Philippines,87921,1625
797,Isidor,Thame,ithamem4@nsw.gov.au,Male,114.250.200.136,Portugal,45122,241
798,Theodore,Olensby,tolensbym5@omniture.com,Male,37.156.68.108,Pakistan,71231,121
799,Robb,Gooble,rgooblem6@mapy.cz,Male,20.40.97.8,China,97535,154
800,Nickolas,Whitcomb,nwhitcombm7@auda.org.au,Male,36.114.215.17,China,41522,822
801,Alyss,Magnay,amagnaym8@com.com,Female,140.12.241.113,Honduras,19686,377
802,Patricia,Ortega,portegam9@alibaba.com,Female,30.121.160.162,Egypt,54450,307
803,Leyla,Riche,lrichema@last.fm,Female,128.30.172.218,Sri Lanka,27770,1572
804,Conny,Marlor,cmarlormb@dailymail.co.uk,Male,44.59.200.135,Poland,45303,1072
805,Briney,Diboll,bdibollmc@adobe.com,Female,89.174.215.73,Portugal,67054,483
806,Augustus,Calveley,acalveleymd@google.co.jp,Male,90.77.189.238,Philippines,62523,423
807,Matt,Corbett,mcorbettme@time.com,Male,36.10.123.183,Russia,88399,1273
808,Janna,Sebright,jsebrightmf@w3.org,Female,154.164.159.36,China,71872,1191
809,Carline,Christer,cchristermg@indiegogo.com,Female,191.126.15.113,China,70326,1145
810,Julie,Gimblett,jgimblettmh@google.ru,Male,144.18.116.145,Philippines,44985,640
811,Amory,Affron,aaffronmi@miibeian.gov.cn,Male,228.203.92.74,Ethiopia,23542,1724
812,Amalle,Culshaw,aculshawmj@latimes.com,Female,189.244.178.177,United States,78584,1621
813,Sherwynd,Szabo,sszabomk@prweb.com,Male,190.121.228.152,Czech Republic,60225,1312
814,Nate,Boydon,nboydonml@google.es,Bigender,33.163.241.66,France,19409,1566
815,Juanita,Burnsell,jburnsellmm@narod.ru,Female,179.13.12.144,Finland,85769,589
816,Janey,Ramplee,jrampleemn@virginia.edu,Female,4.123.53.225,Greece,30028,1496
817,Gilemette,Twaite,gtwaitemo@bbc.co.uk,Female,2.17.218.125,Indonesia,95033,1123
818,Eamon,Irnis,eirnismp@privacy.gov.au,Male,140.105.9.199,Indonesia,17552,1872
819,Trent,Reford,trefordmq@eepurl.com,Male,228.218.103.175,Zambia,70537,1686
820,Winifield,De Benedictis,wdebenedictismr@slideshare.net,Male,173.13.146.148,China,48523,1091
821,April,Lodevick,alodevickms@cam.ac.uk,Female,113.27.226.115,Portugal,54899,1951
822,Fred,Meddick,fmeddickmt@elegantthemes.com,Male,223.155.226.21,Peru,13972,519
823,Margie,Weavers,mweaversmu@noaa.gov,Female,122.3.77.88,United States,6859,357
824,Michaelina,Hindshaw,mhindshawmv@de.vu,Female,110.178.194.165,China,87240,1420
825,Temp,Enever,tenevermw@buzzfeed.com,Male,45.19.238.139,Russia,80230,473
826,Leif,Coyte,lcoytemx@etsy.com,Male,184.128.253.90,Indonesia,43924,1752
827,Jewel,Ebbage,jebbagemy@amazon.de,Genderqueer,46.14.107.202,Russia,59617,260
828,Dasi,Glyde,dglydemz@msu.edu,Female,34.115.176.232,France,51738,586
829,Sol,Poulney,spoulneyn0@netlog.com,Male,148.241.242.39,United Kingdom,92142,791
830,Lacy,Carthy,lcarthyn1@washington.edu,Female,67.94.48.28,Indonesia,16490,1866
831,Barbara,MacGinney,bmacginneyn2@delicious.com,Female,123.106.223.6,China,81136,1589
832,Tanny,Tatterton,ttattertonn3@businesswire.com,Male,180.17.52.101,France,40571,1636
833,Bella,Andrewartha,bandrewarthan4@ask.com,Female,64.69.181.242,Portugal,52823,241
834,Sophronia,Lodo,slodon5@liveinternet.ru,Female,155.239.39.125,Sweden,69031,1789
835,Freda,Lavery,flaveryn6@nyu.edu,Female,223.246.170.49,Indonesia,21089,226
836,Orazio,Merritt,omerrittn7@yahoo.com,Male,41.174.79.30,Russia,51266,1654
837,Hillie,Grimoldby,hgrimoldbyn8@ocn.ne.jp,Male,43.129.98.220,China,84346,1379
838,Carlyle,Brackenbury,cbrackenburyn9@imdb.com,Male,62.3.93.52,China,75833,1518
839,Gil,Gosz,ggoszna@wisc.edu,Male,198.228.172.20,Sweden,40819,465
840,Saloma,Puden,spudennb@arstechnica.com,Female,73.179.28.29,Indonesia,64406,155
841,Annmaria,Trowill,atrowillnc@google.ca,Female,198.143.219.38,Argentina,81688,1683
842,Berkeley,Dulany,bdulanynd@springer.com,Male,72.43.215.58,Ukraine,42497,1716
843,Lou,Pentlow,lpentlowne@ibm.com,Female,128.77.119.138,Colombia,97767,1880
844,Helenelizabeth,Millard,hmillardnf@acquirethisname.com,Female,33.206.227.44,Peru,16187,167
845,Fielding,Kingescot,fkingescotng@usatoday.com,Male,196.97.198.164,Russia,57871,238
846,Samara,MacCaig,smaccaignh@engadget.com,Female,160.149.31.31,Norway,89370,680
847,Upton,Hymor,uhymorni@liveinternet.ru,Male,197.212.246.12,Portugal,93155,1070
848,Kalli,McSperrin,kmcsperrinnj@bing.com,Female,49.224.243.69,France,20611,974
849,Fidelia,Tremontana,ftremontanank@tamu.edu,Female,130.202.195.33,China,36005,1621
850,Julia,Nolleau,jnolleaunl@networkadvertising.org,Female,44.6.88.194,Indonesia,75042,1610
851,Luis,Waterland,lwaterlandnm@yellowbook.com,Male,121.83.99.157,Brazil,73051,1599
852,Hank,Laurant,hlaurantnn@theatlantic.com,Male,232.217.253.21,Rwanda,87013,221
853,Corrine,Amps,campsno@cam.ac.uk,Female,211.130.26.201,Philippines,33499,1635
854,Yardley,Issatt,yissattnp@dailymotion.com,Male,186.67.175.161,Russia,19469,375
855,Janella,Tewnion,jtewnionnq@skype.com,Female,60.254.141.12,Peru,36429,1062
856,Pace,Baurerich,pbaurerichnr@pcworld.com,Male,137.167.1.132,Malaysia,10704,1682
857,Marsiella,Kettridge,mkettridgens@opera.com,Female,219.146.60.68,Vietnam,60532,417
858,Colin,Cole,ccolent@hostgator.com,Male,204.32.170.31,China,53107,618
859,Mona,Issacof,missacofnu@spiegel.de,Female,171.56.253.68,Russia,17769,916
860,Orelee,Isaaksohn,oisaaksohnnv@mediafire.com,Female,243.15.245.245,China,12133,800
861,Robinette,Scyner,rscynernw@nbcnews.com,Female,108.145.214.50,Argentina,83271,172
862,Silvain,Iwanowicz,siwanowicznx@vimeo.com,Male,82.71.65.11,Russia,94210,1920
863,Marrissa,Barthod,mbarthodny@discovery.com,Female,101.167.87.177,Indonesia,80454,1871
864,Xylina,Woolnough,xwoolnoughnz@twitpic.com,Female,35.121.121.187,Honduras,44633,1906
865,Inna,Sebire,isebireo0@cbsnews.com,Genderfluid,104.215.152.50,Portugal,49827,1923
866,Minor,Aizikovich,maizikovicho1@live.com,Male,252.55.106.215,Bolivia,94839,1691
867,Tessi,Ransome,transomeo2@slideshare.net,Female,177.87.61.243,Sweden,55138,328
868,Franky,Barrim,fbarrimo3@reddit.com,Female,239.184.192.253,Poland,8070,593
869,Gail,Blackey,gblackeyo4@netscape.com,Female,255.121.129.65,Russia,83003,341
870,Allyce,Kernes,akerneso5@dedecms.com,Female,189.138.105.211,Philippines,2808,1304
871,Robbert,Kemmons,rkemmonso6@gizmodo.com,Male,255.56.37.99,Russia,27894,1766
872,Hieronymus,Halvosen,hhalvoseno7@msn.com,Male,228.208.219.114,China,36464,804
873,Eden,Enterle,eenterleo8@chronoengine.com,Female,185.14.175.193,Sudan,25323,1421
874,Corney,Anthoin,canthoino9@elegantthemes.com,Male,38.25.154.212,China,62493,490
875,Brigham,Edwards,bedwardsoa@ow.ly,Male,215.243.221.197,Greece,61597,1797
876,Robin,Langer,rlangerob@slate.com,Female,8.210.82.184,Peru,75860,149
877,Mord,Showalter,mshowalteroc@infoseek.co.jp,Male,50.217.74.216,China,95215,1832
878,Alva,Drew-Clifton,adrewcliftonod@epa.gov,Male,142.47.22.54,China,33560,1575
879,Wyatan,Butler,wbutleroe@moonfruit.com,Bigender,157.67.198.71,Japan,93540,1058
880,Patrizio,Normington,pnormingtonof@google.ru,Male,216.204.79.168,Maldives,94483,811
881,Alvan,Langstone,alangstoneog@4shared.com,Male,94.210.131.254,Peru,21480,317
882,Emlyn,Butt Gow,ebuttgowoh@howstuffworks.com,Male,15.42.99.76,Iran,99929,1953
883,Joscelin,Stanlock,jstanlockoi@oracle.com,Female,93.145.126.229,Ireland,17210,1667
884,Claudine,Ladd,claddoj@last.fm,Female,44.124.155.30,Finland,87711,1213
885,Orsa,Rudham,orudhamok@artisteer.com,Genderqueer,253.248.139.43,Philippines,77343,362
886,Martainn,Rosellini,mroselliniol@quantcast.com,Male,169.98.97.156,United States,15725,362
887,Chickie,Gostick,cgostickom@a8.net,Male,49.41.130.228,Ukraine,32005,710
888,Ursula,Dummigan,udummiganon@weibo.com,Female,75.44.213.222,Greece,93064,1953
889,Wandie,Currell,wcurrelloo@mozilla.com,Female,34.114.95.187,Peru,89978,1623
890,Jada,Davidovsky,jdavidovskyop@howstuffworks.com,Agender,151.235.157.211,France,94102,1657
891,Celestina,Gronou,cgronouoq@kickstarter.com,Female,226.100.211.208,Indonesia,79067,654
892,Arabelle,Kohrs,akohrsor@businessweek.com,Female,131.184.60.127,Sudan,13979,406
893,Liuka,Joe,ljoeos@un.org,Female,234.215.108.59,Indonesia,49947,401
894,Cordie,Cuddehy,ccuddehyot@stumbleupon.com,Male,173.218.118.16,Indonesia,17150,580
895,Dareen,Malling,dmallingou@eepurl.com,Female,221.105.219.133,Russia,25664,561
896,Gusella,Thick,gthickov@twitter.com,Genderfluid,161.30.123.6,Colombia,15267,1028
897,Orazio,Bannon,obannonow@redcross.org,Genderqueer,27.40.182.124,Madagascar,62433,1384
898,Tamqrah,Demetr,tdemetrox@wsj.com,Female,168.106.230.197,Russia,79142,1101
899,Zorana,Awcoate,zawcoateoy@arizona.edu,Female,137.117.73.1,Russia,96033,500
900,Nicolis,Baskerfield,nbaskerfieldoz@auda.org.au,Male,29.235.70.95,China,48900,326
901,Starla,Lasseter,slasseterp0@clickbank.net,Female,103.143.196.222,Estonia,3922,961
902,Hamid,Doret,hdoretp1@themeforest.net,Male,191.125.242.22,Ukraine,74103,134
903,Jeffie,Alkin,jalkinp2@webeden.co.uk,Non-binary,33.237.150.159,Cuba,18723,1642
904,Abran,Rehn,arehnp3@walmart.com,Male,174.39.159.103,Russia,51671,1905
905,Dante,Blumer,dblumerp4@booking.com,Genderqueer,183.0.183.145,China,92122,1733
906,Marsiella,Exton,mextonp5@wordpress.com,Female,19.12.119.60,Czech Republic,93808,1082
907,Marya,Gotcher,mgotcherp6@creativecommons.org,Female,139.175.56.217,Japan,26585,516
908,Star,Fortoun,sfortounp7@scribd.com,Female,100.173.33.189,Philippines,89005,1368
909,Kelli,Simonini,ksimoninip8@harvard.edu,Female,46.157.97.129,China,91295,1287
910,Lari,Darington,ldaringtonp9@vk.com,Female,58.82.203.170,Philippines,9535,863
911,Joni,Dobbinson,jdobbinsonpa@arstechnica.com,Female,134.42.228.98,China,57381,1969
912,Vicki,Klaves,vklavespb@etsy.com,Female,4.23.123.6,China,38776,393
913,Gretal,Mulvihill,gmulvihillpc@drupal.org,Female,233.2.184.91,Lithuania,50042,1659
914,Pattin,Klaves,pklavespd@indiegogo.com,Polygender,204.126.178.169,Honduras,13019,345
915,Hyman,Burdas,hburdaspe@artisteer.com,Male,20.230.185.99,Philippines,18176,1122
916,Valerie,Yeskov,vyeskovpf@alibaba.com,Female,124.75.113.171,Finland,7935,668
917,Lonnie,Lingner,llingnerpg@usda.gov,Female,180.129.128.248,Afghanistan,43581,1517
918,Celisse,Le feuvre,clefeuvreph@typepad.com,Female,134.5.229.185,China,37692,1771
919,Lemmy,Falconar,lfalconarpi@studiopress.com,Male,251.169.124.44,Venezuela,17721,1497
920,Iver,McGarrie,imcgarriepj@uiuc.edu,Male,198.9.60.158,Croatia,87724,1684
921,Aurlie,Riseam,ariseampk@answers.com,Female,51.132.81.162,Russia,24100,223
922,Meier,Attwoul,mattwoulpl@google.co.uk,Male,165.148.112.161,China,23049,678
923,Robbyn,Romeril,rromerilpm@unc.edu,Female,194.3.253.67,Serbia,23729,1435
924,Saundra,Nestle,snestlepn@163.com,Male,137.129.152.77,Armenia,79881,1043
925,Maury,Dobrowolny,mdobrowolnypo@de.vu,Male,220.68.133.39,Brazil,78502,1469
926,Tristan,Humbles,thumblespp@wp.com,Male,94.209.80.126,Philippines,45511,1072
927,Poppy,Barrasse,pbarrassepq@elegantthemes.com,Female,167.207.156.128,Morocco,67824,1033
928,Corliss,Simner,csimnerpr@linkedin.com,Female,247.227.207.45,Mauritius,81231,997
929,Kermit,Ellwand,kellwandps@vkontakte.ru,Male,36.205.74.7,Argentina,82696,860
930,Lannie,Storcke,lstorckept@over-blog.com,Male,72.225.166.109,Brazil,89078,1599
931,Nady,Wonham,nwonhampu@apple.com,Female,214.187.244.23,Indonesia,11937,1748
932,Diego,Broyd,dbroydpv@devhub.com,Polygender,202.38.37.95,Russia,91853,1030
933,Matt,McOnie,mmconiepw@gmpg.org,Male,243.32.67.142,China,29510,1488
934,Findlay,Climson,fclimsonpx@disqus.com,Male,92.155.93.115,Poland,25314,599
935,Alano,Kneeshaw,akneeshawpy@tinypic.com,Male,154.19.194.99,Indonesia,14768,1574
936,Cherlyn,Blasius,cblasiuspz@unicef.org,Female,140.107.138.213,Japan,7027,233
937,Pauletta,Bolderoe,pbolderoeq0@csmonitor.com,Female,5.75.241.75,Argentina,70497,822
938,Beniamino,Le Marchand,blemarchandq1@imdb.com,Male,185.68.121.150,Ukraine,29455,1314
939,Othello,Frawley,ofrawleyq2@dedecms.com,Male,2.71.174.229,China,84916,1746
940,Cora,Conrart,cconrartq3@1und1.de,Female,39.225.183.30,China,20628,378
941,Nerti,Galle,ngalleq4@guardian.co.uk,Female,146.111.79.58,Argentina,84414,1886
942,Faythe,Dillamore,fdillamoreq5@psu.edu,Female,87.157.46.241,Thailand,99255,1356
943,Dillon,Skerratt,dskerrattq6@unc.edu,Male,54.202.160.140,United States,8770,1455
944,Had,Heister,hheisterq7@cisco.com,Male,156.48.211.4,Brazil,4072,729
945,Kristopher,Wigan,kwiganq8@unicef.org,Male,52.53.59.61,Indonesia,20091,1904
946,Teddie,Buzek,tbuzekq9@spotify.com,Genderfluid,97.249.201.135,France,89580,313
947,Edwin,Hinnerk,ehinnerkqa@spotify.com,Male,245.239.237.34,France,63339,666
948,Riannon,Duckering,rduckeringqb@uiuc.edu,Polygender,236.172.3.29,Malaysia,20784,991
949,Jaimie,Emery,jemeryqc@merriam-webster.com,Male,106.15.252.56,Malaysia,10450,1598
950,Agathe,Jakubovits,ajakubovitsqd@globo.com,Female,172.187.81.50,France,5833,383
951,Riobard,Gumb,rgumbqe@tumblr.com,Male,254.142.181.96,Brazil,46033,841
952,Kylila,Petrashkov,kpetrashkovqf@trellian.com,Polygender,114.252.42.43,Poland,99360,762
953,Emelda,Erskine,eerskineqg@taobao.com,Female,225.32.247.62,Poland,51248,709
954,Sabra,Breadon,sbreadonqh@google.nl,Female,45.142.89.76,Colombia,25538,1986
955,Frances,Harradine,fharradineqi@uol.com.br,Female,176.48.50.213,Indonesia,15737,1546
956,Ardeen,Janzen,ajanzenqj@marketwatch.com,Female,124.9.211.241,Indonesia,38284,1416
957,Rossie,Gorke,rgorkeqk@tumblr.com,Male,146.46.100.110,Madagascar,76992,138
958,Emile,McShee,emcsheeql@odnoklassniki.ru,Male,1.69.198.37,Armenia,54285,1709
959,Charles,Cardiff,ccardiffqm@dion.ne.jp,Male,136.233.167.217,Indonesia,33962,124
960,Wallache,Brownbridge,wbrownbridgeqn@desdev.cn,Male,112.12.15.174,Egypt,49810,386
961,Randal,Richards,rrichardsqo@google.com.au,Male,224.175.165.133,Portugal,83120,1697
962,Xaviera,Avramov,xavramovqp@taobao.com,Female,105.62.138.53,Indonesia,47606,1392
963,Filbert,Goldthorp,fgoldthorpqq@rambler.ru,Genderqueer,156.217.68.171,Sweden,18178,373
964,Dionysus,Hedgeman,dhedgemanqr@disqus.com,Male,222.255.24.125,China,29129,854
965,Dalia,Hannen,dhannenqs@nhs.uk,Female,106.70.104.35,Russia,43352,1760
966,Pearl,Connochie,pconnochieqt@shutterfly.com,Female,236.243.198.58,Indonesia,54217,1075
967,Allegra,Oag,aoagqu@bloglovin.com,Genderfluid,6.90.46.123,Belarus,45640,1540
968,Tomasina,Birdfield,tbirdfieldqv@amazon.co.uk,Female,42.67.9.74,China,15864,402
969,Mickie,Brolan,mbrolanqw@pinterest.com,Female,153.153.126.186,Russia,14066,1736
970,Roger,Greenaway,rgreenawayqx@fc2.com,Male,144.222.89.226,Russia,18050,891
971,Dallis,Yard,dyardqy@arizona.edu,Male,116.78.79.167,Ukraine,25335,1659
972,Tracey,Menci,tmenciqz@businessweek.com,Male,51.64.40.170,China,91360,1502
973,Merell,Durtnal,mdurtnalr0@weebly.com,Male,48.171.254.58,Vietnam,49650,668
974,Karrah,Fancourt,kfancourtr1@jiathis.com,Female,159.247.198.77,Ukraine,4573,1333
975,Myrlene,Dowrey,mdowreyr2@indiegogo.com,Female,36.151.4.54,China,69252,820
976,Jennica,Goaks,jgoaksr3@nhs.uk,Non-binary,248.31.220.85,Brazil,29695,456
977,Hi,Harvett,hharvettr4@usa.gov,Male,229.162.128.103,China,60245,1004
978,Irina,Newns,inewnsr5@netscape.com,Female,121.185.206.251,Luxembourg,31796,1962
979,Pooh,Weekland,pweeklandr6@adobe.com,Female,19.167.193.173,United States,63635,745
980,Aloisia,Petzolt,apetzoltr7@csmonitor.com,Female,42.3.81.109,Philippines,58399,654
981,Eamon,Ondra,eondrar8@nba.com,Male,52.234.139.71,Denmark,75913,117
982,Ertha,Goodban,egoodbanr9@gmpg.org,Genderfluid,114.176.107.11,Tanzania,95072,993
983,Kristin,Whitsey,kwhitseyra@hibu.com,Female,143.98.221.156,China,73106,1886
984,Adrian,Lenney,alenneyrb@parallels.com,Male,71.89.50.144,France,9693,1970
985,Frants,Bucktharp,fbucktharprc@blogtalkradio.com,Male,146.168.115.45,Indonesia,67132,342
986,Guillaume,Parnham,gparnhamrd@lulu.com,Genderfluid,28.235.174.146,Brazil,74184,505
987,Stewart,Lough,sloughre@harvard.edu,Male,2.218.140.72,Paraguay,74414,242
988,Nadia,Sackur,nsackurrf@washington.edu,Female,232.34.141.23,Canada,84927,1140
989,Cristionna,Dickenson,cdickensonrg@google.ca,Female,209.86.82.18,China,48972,542
990,Jerrold,Lewisham,jlewishamrh@wp.com,Male,253.118.4.226,China,14535,1052
991,Ax,Armall,aarmallri@state.tx.us,Male,232.216.27.190,Indonesia,48152,854
992,Rockey,Towll,rtowllrj@ucsd.edu,Male,163.136.56.20,Brazil,46814,323
993,Taite,Grigorey,tgrigoreyrk@tamu.edu,Agender,83.158.139.124,China,52572,1341
994,Hannie,Bineham,hbinehamrl@barnesandnoble.com,Female,132.202.151.79,Bosnia and Herzegovina,5621,1056
995,Tremaine,Blankhorn,tblankhornrm@yahoo.co.jp,Bigender,82.97.131.125,Thailand,65054,539
996,Gray,Goffe,ggoffern@amazon.de,Male,228.89.147.64,Netherlands,41642,892
997,Hollie,Bosworth,hbosworthro@weebly.com,Female,131.208.158.77,Australia,18102,1907
998,Kimball,Fearne,kfearnerp@behance.net,Male,249.124.28.234,Argentina,7192,1505
999,Lizzy,Beswick,lbeswickrq@topsy.com,Female,20.9.246.185,United States,85064,1966
1000,Andrey,Jacson,ajacsonrr@vistaprint.com,Male,159.49.7.20,Russia,73483,1697
